img_path,subtype,region
/Dataset/Kurume_Dataset/tsuchimoto/data/Follicle_Dataset/size512_stride256/Reactive/JMR0089/follicle8/img_x9728_y21760.tif,Reactive,inside
/Dataset/Kurume_Dataset/tsuchimoto/data/Follicle_Dataset/size512_stride256/Reactive/JMR2517/follicle38/img_x98304_y48384.tif,Reactive,inside
/Dataset/Kurume_Dataset/tsuchimoto/data/Follicle_Dataset/size512_stride256/Reactive/JMR0089/follicle10/img_x18176_y24320.tif,Reactive,inside
/Dataset/Kurume_Dataset/tsuchimoto/data/Follicle_Dataset/size512_stride256/Reactive/JMR2408/follicle36/img_x49152_y30976.tif,Reactive,inside
/Dataset/Kurume_Dataset/tsuchimoto/data/Follicle_Dataset/size512_stride256/Reactive/JMR3223/follicle1/img_x48896_y18176.tif,Reactive,inside
/Dataset/Kurume_Dataset/tsuchimoto/data/Follicle_Dataset/size512_stride256/Reactive/JMR3165/follicle4/img_x31488_y10752.tif,Reactive,inside
/Dataset/Kurume_Dataset/tsuchimoto/data/Follicle_Dataset/size512_stride256/Reactive/JMR2298/follicle9/img_x9728_y14336.tif,Reactive,inside
/Dataset/Kurume_Dataset/tsuchimoto/data/Follicle_Dataset/size512_stride256/Reactive/JMR3165/follicle21/img_x15360_y16896.tif,Reactive,inside
/Dataset/Kurume_Dataset/tsuchimoto/data/Follicle_Dataset/size512_stride256/Reactive/JMR2298/follicle21/img_x45312_y19712.tif,Reactive,inside
/Dataset/Kurume_Dataset/tsuchimoto/data/Follicle_Dataset/size512_stride256/Reactive/JMR2107/follicle8/img_x23040_y16896.tif,Reactive,inside
/Dataset/Kurume_Dataset/tsuchimoto/data/Follicle_Dataset/size512_stride256/Reactive/JMR1050/follicle30/img_x19200_y37888.tif,Reactive,inside
/Dataset/Kurume_Dataset/tsuchimoto/data/Follicle_Dataset/size512_stride256/Reactive/JMR3140/follicle5/img_x55040_y14336.tif,Reactive,inside
/Dataset/Kurume_Dataset/tsuchimoto/data/Follicle_Dataset/size512_stride256/Reactive/JMR1126/follicle21/img_x35584_y23808.tif,Reactive,inside
/Dataset/Kurume_Dataset/tsuchimoto/data/Follicle_Dataset/size512_stride256/Reactive/JMR1610/follicle29/img_x20736_y30208.tif,Reactive,inside
/Dataset/Kurume_Dataset/tsuchimoto/data/Follicle_Dataset/size512_stride256/Reactive/JMR0789/follicle5/img_x28160_y13824.tif,Reactive,inside
/Dataset/Kurume_Dataset/tsuchimoto/data/Follicle_Dataset/size512_stride256/Reactive/JMR3140/follicle2/img_x31232_y14336.tif,Reactive,inside
/Dataset/Kurume_Dataset/tsuchimoto/data/Follicle_Dataset/size512_stride256/Reactive/JMR1022/follicle1/img_x16128_y11776.tif,Reactive,inside
/Dataset/Kurume_Dataset/tsuchimoto/data/Follicle_Dataset/size512_stride256/Reactive/JMR2279/follicle17/img_x44288_y28416.tif,Reactive,inside
/Dataset/Kurume_Dataset/tsuchimoto/data/Follicle_Dataset/size512_stride256/Reactive/JMR2302/follicle66/img_x67072_y61952.tif,Reactive,inside
/Dataset/Kurume_Dataset/tsuchimoto/data/Follicle_Dataset/size512_stride256/Reactive/JMR2408/follicle21/img_x65536_y19712.tif,Reactive,inside
/Dataset/Kurume_Dataset/tsuchimoto/data/Follicle_Dataset/size512_stride256/Reactive/JMR0219/follicle2/img_x57344_y18176.tif,Reactive,inside
/Dataset/Kurume_Dataset/tsuchimoto/data/Follicle_Dataset/size512_stride256/Reactive/JMR2452/follicle46/img_x20992_y28672.tif,Reactive,inside
/Dataset/Kurume_Dataset/tsuchimoto/data/Follicle_Dataset/size512_stride256/Reactive/JMR2279/follicle53/img_x41472_y55040.tif,Reactive,inside
/Dataset/Kurume_Dataset/tsuchimoto/data/Follicle_Dataset/size512_stride256/Reactive/JMR1434/follicle24/img_x50432_y56320.tif,Reactive,inside
/Dataset/Kurume_Dataset/tsuchimoto/data/Follicle_Dataset/size512_stride256/Reactive/JMR2452/follicle46/img_x20736_y29440.tif,Reactive,inside
/Dataset/Kurume_Dataset/tsuchimoto/data/Follicle_Dataset/size512_stride256/Reactive/JMR0057/follicle14/img_x49920_y39680.tif,Reactive,inside
/Dataset/Kurume_Dataset/tsuchimoto/data/Follicle_Dataset/size512_stride256/Reactive/JMR0789/follicle47/img_x48384_y52480.tif,Reactive,inside
/Dataset/Kurume_Dataset/tsuchimoto/data/Follicle_Dataset/size512_stride256/Reactive/JMR0089/follicle29/img_x18432_y36096.tif,Reactive,inside
/Dataset/Kurume_Dataset/tsuchimoto/data/Follicle_Dataset/size512_stride256/Reactive/JMR0089/follicle36/img_x24064_y39936.tif,Reactive,inside
/Dataset/Kurume_Dataset/tsuchimoto/data/Follicle_Dataset/size512_stride256/Reactive/JMR0089/follicle5/img_x18944_y19712.tif,Reactive,inside
/Dataset/Kurume_Dataset/tsuchimoto/data/Follicle_Dataset/size512_stride256/Reactive/JMR0219/follicle4/img_x36608_y20480.tif,Reactive,inside
/Dataset/Kurume_Dataset/tsuchimoto/data/Follicle_Dataset/size512_stride256/Reactive/JMR0089/follicle10/img_x17920_y24832.tif,Reactive,inside
/Dataset/Kurume_Dataset/tsuchimoto/data/Follicle_Dataset/size512_stride256/Reactive/JMR2302/follicle16/img_x77312_y21248.tif,Reactive,inside
/Dataset/Kurume_Dataset/tsuchimoto/data/Follicle_Dataset/size512_stride256/Reactive/JMR0219/follicle11/img_x67072_y23040.tif,Reactive,inside
/Dataset/Kurume_Dataset/tsuchimoto/data/Follicle_Dataset/size512_stride256/Reactive/JMR3257/follicle16/img_x29184_y29952.tif,Reactive,inside
/Dataset/Kurume_Dataset/tsuchimoto/data/Follicle_Dataset/size512_stride256/Reactive/JMR2279/follicle8/img_x37632_y21760.tif,Reactive,inside
/Dataset/Kurume_Dataset/tsuchimoto/data/Follicle_Dataset/size512_stride256/Reactive/JMR2302/follicle29/img_x45056_y33024.tif,Reactive,inside
/Dataset/Kurume_Dataset/tsuchimoto/data/Follicle_Dataset/size512_stride256/Reactive/JMR2452/follicle25/img_x46592_y20992.tif,Reactive,inside
/Dataset/Kurume_Dataset/tsuchimoto/data/Follicle_Dataset/size512_stride256/Reactive/JMR2232/follicle3/img_x15360_y10752.tif,Reactive,inside
/Dataset/Kurume_Dataset/tsuchimoto/data/Follicle_Dataset/size512_stride256/Reactive/JMR0089/follicle21/img_x19712_y32768.tif,Reactive,inside
/Dataset/Kurume_Dataset/tsuchimoto/data/Follicle_Dataset/size512_stride256/Reactive/JMR0219/follicle3/img_x46592_y18432.tif,Reactive,inside
/Dataset/Kurume_Dataset/tsuchimoto/data/Follicle_Dataset/size512_stride256/Reactive/JMR2298/follicle62/img_x22272_y32768.tif,Reactive,inside
/Dataset/Kurume_Dataset/tsuchimoto/data/Follicle_Dataset/size512_stride256/Reactive/JMR0057/follicle10/img_x40704_y23040.tif,Reactive,inside
/Dataset/Kurume_Dataset/tsuchimoto/data/Follicle_Dataset/size512_stride256/Reactive/JMR2279/follicle32/img_x29440_y41984.tif,Reactive,inside
/Dataset/Kurume_Dataset/tsuchimoto/data/Follicle_Dataset/size512_stride256/Reactive/JMR0089/follicle12/img_x20992_y25088.tif,Reactive,inside
/Dataset/Kurume_Dataset/tsuchimoto/data/Follicle_Dataset/size512_stride256/Reactive/JMR1434/follicle11/img_x33280_y19712.tif,Reactive,inside
/Dataset/Kurume_Dataset/tsuchimoto/data/Follicle_Dataset/size512_stride256/Reactive/JMR0569/follicle3/img_x25344_y12544.tif,Reactive,inside
/Dataset/Kurume_Dataset/tsuchimoto/data/Follicle_Dataset/size512_stride256/Reactive/JMR1126/follicle12/img_x27904_y19712.tif,Reactive,inside
/Dataset/Kurume_Dataset/tsuchimoto/data/Follicle_Dataset/size512_stride256/Reactive/JMR1364/follicle12/img_x46592_y33536.tif,Reactive,inside
/Dataset/Kurume_Dataset/tsuchimoto/data/Follicle_Dataset/size512_stride256/Reactive/JMR1126/follicle18/img_x13824_y23808.tif,Reactive,inside
/Dataset/Kurume_Dataset/tsuchimoto/data/Follicle_Dataset/size512_stride256/Reactive/JMR1364/follicle24/img_x42496_y48384.tif,Reactive,inside
/Dataset/Kurume_Dataset/tsuchimoto/data/Follicle_Dataset/size512_stride256/Reactive/JMR1126/follicle8/img_x17920_y16640.tif,Reactive,inside
/Dataset/Kurume_Dataset/tsuchimoto/data/Follicle_Dataset/size512_stride256/Reactive/JMR1022/follicle1/img_x15360_y11264.tif,Reactive,inside
/Dataset/Kurume_Dataset/tsuchimoto/data/Follicle_Dataset/size512_stride256/Reactive/JMR1126/follicle18/img_x13568_y26880.tif,Reactive,inside
/Dataset/Kurume_Dataset/tsuchimoto/data/Follicle_Dataset/size512_stride256/Reactive/JMR0089/follicle16/img_x23296_y30976.tif,Reactive,inside
/Dataset/Kurume_Dataset/tsuchimoto/data/Follicle_Dataset/size512_stride256/Reactive/JMR2205/follicle42/img_x40448_y32000.tif,Reactive,inside
/Dataset/Kurume_Dataset/tsuchimoto/data/Follicle_Dataset/size512_stride256/Reactive/JMR2279/follicle20/img_x67584_y31488.tif,Reactive,inside
/Dataset/Kurume_Dataset/tsuchimoto/data/Follicle_Dataset/size512_stride256/Reactive/JMR1364/follicle19/img_x26112_y40448.tif,Reactive,inside
/Dataset/Kurume_Dataset/tsuchimoto/data/Follicle_Dataset/size512_stride256/Reactive/JMR1022/follicle1/img_x14848_y12800.tif,Reactive,inside
/Dataset/Kurume_Dataset/tsuchimoto/data/Follicle_Dataset/size512_stride256/Reactive/JMR1022/follicle18/img_x11776_y49920.tif,Reactive,inside
/Dataset/Kurume_Dataset/tsuchimoto/data/Follicle_Dataset/size512_stride256/Reactive/JMR3257/follicle4/img_x45824_y17408.tif,Reactive,inside
/Dataset/Kurume_Dataset/tsuchimoto/data/Follicle_Dataset/size512_stride256/Reactive/JMR2524/follicle20/img_x22528_y33536.tif,Reactive,inside
/Dataset/Kurume_Dataset/tsuchimoto/data/Follicle_Dataset/size512_stride256/Reactive/JMR2524/follicle38/img_x50432_y63232.tif,Reactive,inside
/Dataset/Kurume_Dataset/tsuchimoto/data/Follicle_Dataset/size512_stride256/Reactive/JMR3223/follicle6/img_x15104_y20992.tif,Reactive,inside
/Dataset/Kurume_Dataset/tsuchimoto/data/Follicle_Dataset/size512_stride256/Reactive/JMR1610/follicle20/img_x43264_y18688.tif,Reactive,inside
/Dataset/Kurume_Dataset/tsuchimoto/data/Follicle_Dataset/size512_stride256/Reactive/JMR3140/follicle1/img_x47616_y12032.tif,Reactive,inside
/Dataset/Kurume_Dataset/tsuchimoto/data/Follicle_Dataset/size512_stride256/Reactive/JMR1745/follicle3/img_x38144_y17664.tif,Reactive,inside
/Dataset/Kurume_Dataset/tsuchimoto/data/Follicle_Dataset/size512_stride256/Reactive/JMR1077/follicle38/img_x25600_y26880.tif,Reactive,inside
/Dataset/Kurume_Dataset/tsuchimoto/data/Follicle_Dataset/size512_stride256/Reactive/JMR1745/follicle7/img_x50944_y22016.tif,Reactive,inside
/Dataset/Kurume_Dataset/tsuchimoto/data/Follicle_Dataset/size512_stride256/Reactive/JMR2107/follicle12/img_x32768_y20224.tif,Reactive,inside
/Dataset/Kurume_Dataset/tsuchimoto/data/Follicle_Dataset/size512_stride256/Reactive/JMR1050/follicle30/img_x20736_y38400.tif,Reactive,inside
/Dataset/Kurume_Dataset/tsuchimoto/data/Follicle_Dataset/size512_stride256/Reactive/JMR2452/follicle37/img_x49152_y25856.tif,Reactive,inside
/Dataset/Kurume_Dataset/tsuchimoto/data/Follicle_Dataset/size512_stride256/Reactive/JMR1077/follicle6/img_x25600_y17408.tif,Reactive,inside
/Dataset/Kurume_Dataset/tsuchimoto/data/Follicle_Dataset/size512_stride256/Reactive/JMR2279/follicle12/img_x43264_y24576.tif,Reactive,inside
/Dataset/Kurume_Dataset/tsuchimoto/data/Follicle_Dataset/size512_stride256/Reactive/JMR1745/follicle8/img_x48128_y22016.tif,Reactive,inside
/Dataset/Kurume_Dataset/tsuchimoto/data/Follicle_Dataset/size512_stride256/Reactive/JMR2291/follicle9/img_x46080_y19456.tif,Reactive,inside
/Dataset/Kurume_Dataset/tsuchimoto/data/Follicle_Dataset/size512_stride256/Reactive/JMR1077/follicle19/img_x28416_y22272.tif,Reactive,inside
/Dataset/Kurume_Dataset/tsuchimoto/data/Follicle_Dataset/size512_stride256/Reactive/JMR2291/follicle9/img_x46080_y18944.tif,Reactive,inside
/Dataset/Kurume_Dataset/tsuchimoto/data/Follicle_Dataset/size512_stride256/Reactive/JMR1126/follicle12/img_x27648_y18944.tif,Reactive,inside
/Dataset/Kurume_Dataset/tsuchimoto/data/Follicle_Dataset/size512_stride256/Reactive/JMR2408/follicle1/img_x25344_y9984.tif,Reactive,inside
/Dataset/Kurume_Dataset/tsuchimoto/data/Follicle_Dataset/size512_stride256/Reactive/JMR0089/follicle13/img_x14848_y27648.tif,Reactive,inside
/Dataset/Kurume_Dataset/tsuchimoto/data/Follicle_Dataset/size512_stride256/Reactive/JMR1434/follicle11/img_x33536_y19968.tif,Reactive,inside
/Dataset/Kurume_Dataset/tsuchimoto/data/Follicle_Dataset/size512_stride256/Reactive/JMR2302/follicle9/img_x16384_y19200.tif,Reactive,inside
/Dataset/Kurume_Dataset/tsuchimoto/data/Follicle_Dataset/size512_stride256/Reactive/JMR1745/follicle5/img_x44288_y20736.tif,Reactive,inside
/Dataset/Kurume_Dataset/tsuchimoto/data/Follicle_Dataset/size512_stride256/Reactive/JMR2279/follicle44/img_x51456_y49408.tif,Reactive,inside
/Dataset/Kurume_Dataset/tsuchimoto/data/Follicle_Dataset/size512_stride256/Reactive/JMR1022/follicle7/img_x14848_y24832.tif,Reactive,inside
/Dataset/Kurume_Dataset/tsuchimoto/data/Follicle_Dataset/size512_stride256/Reactive/JMR2291/follicle16/img_x64768_y21248.tif,Reactive,inside
/Dataset/Kurume_Dataset/tsuchimoto/data/Follicle_Dataset/size512_stride256/Reactive/JMR1050/follicle30/img_x19968_y37632.tif,Reactive,inside
/Dataset/Kurume_Dataset/tsuchimoto/data/Follicle_Dataset/size512_stride256/Reactive/JMR1050/follicle12/img_x23296_y19712.tif,Reactive,inside
/Dataset/Kurume_Dataset/tsuchimoto/data/Follicle_Dataset/size512_stride256/Reactive/JMR0219/follicle7/img_x48896_y20736.tif,Reactive,inside
/Dataset/Kurume_Dataset/tsuchimoto/data/Follicle_Dataset/size512_stride256/Reactive/JMR2291/follicle70/img_x27136_y60928.tif,Reactive,inside
/Dataset/Kurume_Dataset/tsuchimoto/data/Follicle_Dataset/size512_stride256/Reactive/JMR2232/follicle5/img_x14336_y15360.tif,Reactive,inside
/Dataset/Kurume_Dataset/tsuchimoto/data/Follicle_Dataset/size512_stride256/Reactive/JMR2279/follicle13/img_x67328_y25088.tif,Reactive,inside
/Dataset/Kurume_Dataset/tsuchimoto/data/Follicle_Dataset/size512_stride256/Reactive/JMR2302/follicle28/img_x38144_y29952.tif,Reactive,inside
/Dataset/Kurume_Dataset/tsuchimoto/data/Follicle_Dataset/size512_stride256/Reactive/JMR1050/follicle60/img_x10496_y57088.tif,Reactive,inside
/Dataset/Kurume_Dataset/tsuchimoto/data/Follicle_Dataset/size512_stride256/Reactive/JMR0089/follicle6/img_x14336_y20480.tif,Reactive,inside
/Dataset/Kurume_Dataset/tsuchimoto/data/Follicle_Dataset/size512_stride256/Reactive/JMR1050/follicle41/img_x17152_y44288.tif,Reactive,inside
/Dataset/Kurume_Dataset/tsuchimoto/data/Follicle_Dataset/size512_stride256/Reactive/JMR1050/follicle30/img_x19712_y36864.tif,Reactive,inside
/Dataset/Kurume_Dataset/tsuchimoto/data/Follicle_Dataset/size512_stride256/Reactive/JMR0219/follicle20/img_x18944_y28416.tif,Reactive,inside
/Dataset/Kurume_Dataset/tsuchimoto/data/Follicle_Dataset/size512_stride256/Reactive/JMR0569/follicle4/img_x35840_y15104.tif,Reactive,inside
/Dataset/Kurume_Dataset/tsuchimoto/data/Follicle_Dataset/size512_stride256/Reactive/JMR0007/follicle18/img_x43776_y15872.tif,Reactive,inside
/Dataset/Kurume_Dataset/tsuchimoto/data/Follicle_Dataset/size512_stride256/Reactive/JMR1077/follicle1/img_x22784_y14848.tif,Reactive,inside
/Dataset/Kurume_Dataset/tsuchimoto/data/Follicle_Dataset/size512_stride256/Reactive/JMR1434/follicle19/img_x33280_y48128.tif,Reactive,inside
/Dataset/Kurume_Dataset/tsuchimoto/data/Follicle_Dataset/size512_stride256/Reactive/JMR0219/follicle4/img_x36352_y19968.tif,Reactive,inside
/Dataset/Kurume_Dataset/tsuchimoto/data/Follicle_Dataset/size512_stride256/Reactive/JMR0219/follicle4/img_x36352_y19456.tif,Reactive,inside
/Dataset/Kurume_Dataset/tsuchimoto/data/Follicle_Dataset/size512_stride256/Reactive/JMR3257/follicle18/img_x62464_y32000.tif,Reactive,inside
/Dataset/Kurume_Dataset/tsuchimoto/data/Follicle_Dataset/size512_stride256/Reactive/JMR1126/follicle43/img_x22784_y39680.tif,Reactive,inside
/Dataset/Kurume_Dataset/tsuchimoto/data/Follicle_Dataset/size512_stride256/Reactive/JMR2298/follicle54/img_x33536_y29696.tif,Reactive,inside
/Dataset/Kurume_Dataset/tsuchimoto/data/Follicle_Dataset/size512_stride256/Reactive/JMR1364/follicle28/img_x37888_y51200.tif,Reactive,inside
/Dataset/Kurume_Dataset/tsuchimoto/data/Follicle_Dataset/size512_stride256/Reactive/JMR2408/follicle26/img_x55552_y21504.tif,Reactive,inside
/Dataset/Kurume_Dataset/tsuchimoto/data/Follicle_Dataset/size512_stride256/Reactive/JMR2279/follicle11/img_x12544_y24576.tif,Reactive,inside
/Dataset/Kurume_Dataset/tsuchimoto/data/Follicle_Dataset/size512_stride256/Reactive/JMR2291/follicle79/img_x46080_y68608.tif,Reactive,inside
/Dataset/Kurume_Dataset/tsuchimoto/data/Follicle_Dataset/size512_stride256/Reactive/JMR1022/follicle10/img_x18432_y27136.tif,Reactive,inside
/Dataset/Kurume_Dataset/tsuchimoto/data/Follicle_Dataset/size512_stride256/Reactive/JMR2291/follicle29/img_x33536_y28672.tif,Reactive,inside
/Dataset/Kurume_Dataset/tsuchimoto/data/Follicle_Dataset/size512_stride256/Reactive/JMR1364/follicle7/img_x40960_y25600.tif,Reactive,inside
/Dataset/Kurume_Dataset/tsuchimoto/data/Follicle_Dataset/size512_stride256/Reactive/JMR1434/follicle24/img_x49408_y57600.tif,Reactive,inside
/Dataset/Kurume_Dataset/tsuchimoto/data/Follicle_Dataset/size512_stride256/Reactive/JMR1050/follicle23/img_x13312_y32000.tif,Reactive,inside
/Dataset/Kurume_Dataset/tsuchimoto/data/Follicle_Dataset/size512_stride256/Reactive/JMR3257/follicle16/img_x30464_y31488.tif,Reactive,inside
/Dataset/Kurume_Dataset/tsuchimoto/data/Follicle_Dataset/size512_stride256/Reactive/JMR1077/follicle52/img_x34560_y33280.tif,Reactive,inside
/Dataset/Kurume_Dataset/tsuchimoto/data/Follicle_Dataset/size512_stride256/Reactive/JMR2452/follicle71/img_x55296_y44288.tif,Reactive,inside
/Dataset/Kurume_Dataset/tsuchimoto/data/Follicle_Dataset/size512_stride256/Reactive/JMR2107/follicle7/img_x29184_y16384.tif,Reactive,inside
/Dataset/Kurume_Dataset/tsuchimoto/data/Follicle_Dataset/size512_stride256/Reactive/JMR0789/follicle33/img_x40448_y28672.tif,Reactive,inside
/Dataset/Kurume_Dataset/tsuchimoto/data/Follicle_Dataset/size512_stride256/Reactive/JMR1434/follicle11/img_x33280_y18944.tif,Reactive,inside
/Dataset/Kurume_Dataset/tsuchimoto/data/Follicle_Dataset/size512_stride256/Reactive/JMR2298/follicle64/img_x36608_y33280.tif,Reactive,inside
/Dataset/Kurume_Dataset/tsuchimoto/data/Follicle_Dataset/size512_stride256/Reactive/JMR1050/follicle33/img_x16128_y40960.tif,Reactive,inside
/Dataset/Kurume_Dataset/tsuchimoto/data/Follicle_Dataset/size512_stride256/Reactive/JMR2291/follicle8/img_x34048_y17920.tif,Reactive,inside
/Dataset/Kurume_Dataset/tsuchimoto/data/Follicle_Dataset/size512_stride256/Reactive/JMR3165/follicle3/img_x26368_y10496.tif,Reactive,inside
/Dataset/Kurume_Dataset/tsuchimoto/data/Follicle_Dataset/size512_stride256/Reactive/JMR2205/follicle17/img_x9728_y18432.tif,Reactive,inside
/Dataset/Kurume_Dataset/tsuchimoto/data/Follicle_Dataset/size512_stride256/Reactive/JMR2408/follicle5/img_x68864_y10752.tif,Reactive,inside
/Dataset/Kurume_Dataset/tsuchimoto/data/Follicle_Dataset/size512_stride256/Reactive/JMR2279/follicle45/img_x18688_y51200.tif,Reactive,inside
/Dataset/Kurume_Dataset/tsuchimoto/data/Follicle_Dataset/size512_stride256/Reactive/JMR3165/follicle27/img_x26368_y18944.tif,Reactive,inside
/Dataset/Kurume_Dataset/tsuchimoto/data/Follicle_Dataset/size512_stride256/Reactive/JMR2298/follicle1/img_x37632_y10240.tif,Reactive,inside
/Dataset/Kurume_Dataset/tsuchimoto/data/Follicle_Dataset/size512_stride256/Reactive/JMR2517/follicle35/img_x111104_y45824.tif,Reactive,inside
/Dataset/Kurume_Dataset/tsuchimoto/data/Follicle_Dataset/size512_stride256/Reactive/JMR2279/follicle42/img_x47616_y48896.tif,Reactive,inside
/Dataset/Kurume_Dataset/tsuchimoto/data/Follicle_Dataset/size512_stride256/Reactive/JMR3223/follicle1/img_x49152_y19712.tif,Reactive,inside
/Dataset/Kurume_Dataset/tsuchimoto/data/Follicle_Dataset/size512_stride256/Reactive/JMR2107/follicle8/img_x23296_y17920.tif,Reactive,inside
/Dataset/Kurume_Dataset/tsuchimoto/data/Follicle_Dataset/size512_stride256/Reactive/JMR2408/follicle21/img_x65792_y20224.tif,Reactive,inside
/Dataset/Kurume_Dataset/tsuchimoto/data/Follicle_Dataset/size512_stride256/Reactive/JMR1434/follicle21/img_x35584_y50688.tif,Reactive,inside
/Dataset/Kurume_Dataset/tsuchimoto/data/Follicle_Dataset/size512_stride256/Reactive/JMR2524/follicle35/img_x35328_y59136.tif,Reactive,inside
/Dataset/Kurume_Dataset/tsuchimoto/data/Follicle_Dataset/size512_stride256/Reactive/JMR2517/follicle17/img_x116224_y37632.tif,Reactive,inside
/Dataset/Kurume_Dataset/tsuchimoto/data/Follicle_Dataset/size512_stride256/Reactive/JMR1364/follicle2/img_x17408_y16128.tif,Reactive,inside
/Dataset/Kurume_Dataset/tsuchimoto/data/Follicle_Dataset/size512_stride256/Reactive/JMR2524/follicle41/img_x42240_y64256.tif,Reactive,inside
/Dataset/Kurume_Dataset/tsuchimoto/data/Follicle_Dataset/size512_stride256/Reactive/JMR2524/follicle21/img_x18176_y33536.tif,Reactive,inside
/Dataset/Kurume_Dataset/tsuchimoto/data/Follicle_Dataset/size512_stride256/Reactive/JMR2524/follicle34/img_x21760_y56064.tif,Reactive,inside
/Dataset/Kurume_Dataset/tsuchimoto/data/Follicle_Dataset/size512_stride256/Reactive/JMR3257/follicle2/img_x46848_y15616.tif,Reactive,inside
/Dataset/Kurume_Dataset/tsuchimoto/data/Follicle_Dataset/size512_stride256/Reactive/JMR1126/follicle3/img_x37376_y10752.tif,Reactive,inside
/Dataset/Kurume_Dataset/tsuchimoto/data/Follicle_Dataset/size512_stride256/Reactive/JMR1126/follicle5/img_x41984_y11520.tif,Reactive,inside
/Dataset/Kurume_Dataset/tsuchimoto/data/Follicle_Dataset/size512_stride256/Reactive/JMR2408/follicle40/img_x48384_y35584.tif,Reactive,inside
/Dataset/Kurume_Dataset/tsuchimoto/data/Follicle_Dataset/size512_stride256/Reactive/JMR2298/follicle11/img_x45568_y15104.tif,Reactive,inside
/Dataset/Kurume_Dataset/tsuchimoto/data/Follicle_Dataset/size512_stride256/Reactive/JMR1050/follicle14/img_x26368_y20480.tif,Reactive,inside
/Dataset/Kurume_Dataset/tsuchimoto/data/Follicle_Dataset/size512_stride256/Reactive/JMR2205/follicle42/img_x39936_y31488.tif,Reactive,inside
/Dataset/Kurume_Dataset/tsuchimoto/data/Follicle_Dataset/size512_stride256/Reactive/JMR1434/follicle21/img_x32768_y52480.tif,Reactive,inside
/Dataset/Kurume_Dataset/tsuchimoto/data/Follicle_Dataset/size512_stride256/Reactive/JMR2517/follicle23/img_x94976_y38912.tif,Reactive,inside
/Dataset/Kurume_Dataset/tsuchimoto/data/Follicle_Dataset/size512_stride256/Reactive/JMR2302/follicle7/img_x36864_y18688.tif,Reactive,inside
/Dataset/Kurume_Dataset/tsuchimoto/data/Follicle_Dataset/size512_stride256/Reactive/JMR1050/follicle47/img_x12288_y50432.tif,Reactive,inside
/Dataset/Kurume_Dataset/tsuchimoto/data/Follicle_Dataset/size512_stride256/Reactive/JMR0789/follicle32/img_x28416_y29440.tif,Reactive,inside
/Dataset/Kurume_Dataset/tsuchimoto/data/Follicle_Dataset/size512_stride256/Reactive/JMR2452/follicle3/img_x43776_y9984.tif,Reactive,inside
/Dataset/Kurume_Dataset/tsuchimoto/data/Follicle_Dataset/size512_stride256/Reactive/JMR1050/follicle61/img_x15360_y58112.tif,Reactive,inside
/Dataset/Kurume_Dataset/tsuchimoto/data/Follicle_Dataset/size512_stride256/Reactive/JMR2408/follicle4/img_x20480_y10752.tif,Reactive,inside
/Dataset/Kurume_Dataset/tsuchimoto/data/Follicle_Dataset/size512_stride256/Reactive/JMR1077/follicle63/img_x16128_y44544.tif,Reactive,inside
/Dataset/Kurume_Dataset/tsuchimoto/data/Follicle_Dataset/size512_stride256/Reactive/JMR2524/follicle35/img_x36096_y59648.tif,Reactive,inside
/Dataset/Kurume_Dataset/tsuchimoto/data/Follicle_Dataset/size512_stride256/Reactive/JMR0089/follicle5/img_x18176_y18432.tif,Reactive,inside
/Dataset/Kurume_Dataset/tsuchimoto/data/Follicle_Dataset/size512_stride256/Reactive/JMR1361/follicle2/img_x16384_y20480.tif,Reactive,inside
/Dataset/Kurume_Dataset/tsuchimoto/data/Follicle_Dataset/size512_stride256/Reactive/JMR2452/follicle83/img_x60160_y50688.tif,Reactive,inside
/Dataset/Kurume_Dataset/tsuchimoto/data/Follicle_Dataset/size512_stride256/Reactive/JMR0789/follicle37/img_x51712_y44544.tif,Reactive,inside
/Dataset/Kurume_Dataset/tsuchimoto/data/Follicle_Dataset/size512_stride256/Reactive/JMR0089/follicle32/img_x24320_y37632.tif,Reactive,inside
/Dataset/Kurume_Dataset/tsuchimoto/data/Follicle_Dataset/size512_stride256/Reactive/JMR1022/follicle6/img_x16896_y23808.tif,Reactive,inside
/Dataset/Kurume_Dataset/tsuchimoto/data/Follicle_Dataset/size512_stride256/Reactive/JMR0789/follicle32/img_x26880_y28160.tif,Reactive,inside
/Dataset/Kurume_Dataset/tsuchimoto/data/Follicle_Dataset/size512_stride256/Reactive/JMR1077/follicle15/img_x22784_y20224.tif,Reactive,inside
/Dataset/Kurume_Dataset/tsuchimoto/data/Follicle_Dataset/size512_stride256/Reactive/JMR2302/follicle22/img_x44544_y24832.tif,Reactive,inside
/Dataset/Kurume_Dataset/tsuchimoto/data/Follicle_Dataset/size512_stride256/Reactive/JMR2408/follicle36/img_x49408_y30976.tif,Reactive,inside
/Dataset/Kurume_Dataset/tsuchimoto/data/Follicle_Dataset/size512_stride256/Reactive/JMR2298/follicle41/img_x37120_y26880.tif,Reactive,inside
/Dataset/Kurume_Dataset/tsuchimoto/data/Follicle_Dataset/size512_stride256/Reactive/JMR0219/follicle19/img_x48896_y26624.tif,Reactive,inside
/Dataset/Kurume_Dataset/tsuchimoto/data/Follicle_Dataset/size512_stride256/Reactive/JMR1610/follicle1/img_x47616_y8704.tif,Reactive,inside
/Dataset/Kurume_Dataset/tsuchimoto/data/Follicle_Dataset/size512_stride256/Reactive/JMR0089/follicle5/img_x18688_y19712.tif,Reactive,inside
/Dataset/Kurume_Dataset/tsuchimoto/data/Follicle_Dataset/size512_stride256/Reactive/JMR1077/follicle19/img_x29184_y22016.tif,Reactive,inside
/Dataset/Kurume_Dataset/tsuchimoto/data/Follicle_Dataset/size512_stride256/Reactive/JMR2205/follicle16/img_x44288_y15616.tif,Reactive,inside
/Dataset/Kurume_Dataset/tsuchimoto/data/Follicle_Dataset/size512_stride256/Reactive/JMR2517/follicle28/img_x96768_y43008.tif,Reactive,inside
/Dataset/Kurume_Dataset/tsuchimoto/data/Follicle_Dataset/size512_stride256/Reactive/JMR1434/follicle24/img_x47872_y57344.tif,Reactive,inside
/Dataset/Kurume_Dataset/tsuchimoto/data/Follicle_Dataset/size512_stride256/Reactive/JMR2452/follicle56/img_x51968_y34048.tif,Reactive,inside
/Dataset/Kurume_Dataset/tsuchimoto/data/Follicle_Dataset/size512_stride256/Reactive/JMR2298/follicle7/img_x20736_y13824.tif,Reactive,inside
/Dataset/Kurume_Dataset/tsuchimoto/data/Follicle_Dataset/size512_stride256/Reactive/JMR2302/follicle49/img_x59136_y44800.tif,Reactive,inside
/Dataset/Kurume_Dataset/tsuchimoto/data/Follicle_Dataset/size512_stride256/Reactive/JMR2302/follicle33/img_x68352_y31232.tif,Reactive,inside
/Dataset/Kurume_Dataset/tsuchimoto/data/Follicle_Dataset/size512_stride256/Reactive/JMR3165/follicle13/img_x16128_y14336.tif,Reactive,inside
/Dataset/Kurume_Dataset/tsuchimoto/data/Follicle_Dataset/size512_stride256/Reactive/JMR1434/follicle21/img_x34048_y54784.tif,Reactive,inside
/Dataset/Kurume_Dataset/tsuchimoto/data/Follicle_Dataset/size512_stride256/Reactive/JMR2302/follicle9/img_x16640_y19200.tif,Reactive,inside
/Dataset/Kurume_Dataset/tsuchimoto/data/Follicle_Dataset/size512_stride256/Reactive/JMR2302/follicle45/img_x42496_y40192.tif,Reactive,inside
/Dataset/Kurume_Dataset/tsuchimoto/data/Follicle_Dataset/size512_stride256/Reactive/JMR2865/follicle9/img_x19712_y15104.tif,Reactive,inside
/Dataset/Kurume_Dataset/tsuchimoto/data/Follicle_Dataset/size512_stride256/Reactive/JMR2408/follicle31/img_x23552_y25088.tif,Reactive,inside
/Dataset/Kurume_Dataset/tsuchimoto/data/Follicle_Dataset/size512_stride256/Reactive/JMR1126/follicle14/img_x40448_y19968.tif,Reactive,inside
/Dataset/Kurume_Dataset/tsuchimoto/data/Follicle_Dataset/size512_stride256/Reactive/JMR2408/follicle5/img_x68608_y11776.tif,Reactive,inside
/Dataset/Kurume_Dataset/tsuchimoto/data/Follicle_Dataset/size512_stride256/Reactive/JMR1077/follicle58/img_x20480_y41728.tif,Reactive,inside
/Dataset/Kurume_Dataset/tsuchimoto/data/Follicle_Dataset/size512_stride256/Reactive/JMR0789/follicle11/img_x26880_y18944.tif,Reactive,inside
/Dataset/Kurume_Dataset/tsuchimoto/data/Follicle_Dataset/size512_stride256/Reactive/JMR3223/follicle6/img_x15616_y20992.tif,Reactive,inside
/Dataset/Kurume_Dataset/tsuchimoto/data/Follicle_Dataset/size512_stride256/Reactive/JMR2517/follicle33/img_x101120_y44800.tif,Reactive,inside
/Dataset/Kurume_Dataset/tsuchimoto/data/Follicle_Dataset/size512_stride256/Reactive/JMR2205/follicle28/img_x9728_y23808.tif,Reactive,inside
/Dataset/Kurume_Dataset/tsuchimoto/data/Follicle_Dataset/size512_stride256/Reactive/JMR0089/follicle39/img_x22272_y43776.tif,Reactive,inside
/Dataset/Kurume_Dataset/tsuchimoto/data/Follicle_Dataset/size512_stride256/Reactive/JMR3165/follicle5/img_x24576_y11008.tif,Reactive,inside
/Dataset/Kurume_Dataset/tsuchimoto/data/Follicle_Dataset/size512_stride256/Reactive/JMR2452/follicle46/img_x20992_y28928.tif,Reactive,inside
/Dataset/Kurume_Dataset/tsuchimoto/data/Follicle_Dataset/size512_stride256/Reactive/JMR2517/follicle14/img_x121344_y36096.tif,Reactive,inside
/Dataset/Kurume_Dataset/tsuchimoto/data/Follicle_Dataset/size512_stride256/Reactive/JMR2279/follicle49/img_x32768_y51712.tif,Reactive,inside
/Dataset/Kurume_Dataset/tsuchimoto/data/Follicle_Dataset/size512_stride256/Reactive/JMR1745/follicle13/img_x47360_y29184.tif,Reactive,inside
/Dataset/Kurume_Dataset/tsuchimoto/data/Follicle_Dataset/size512_stride256/Reactive/JMR0789/follicle61/img_x32000_y60672.tif,Reactive,inside
/Dataset/Kurume_Dataset/tsuchimoto/data/Follicle_Dataset/size512_stride256/Reactive/JMR2279/follicle32/img_x28928_y41984.tif,Reactive,inside
/Dataset/Kurume_Dataset/tsuchimoto/data/Follicle_Dataset/size512_stride256/Reactive/JMR2302/follicle1/img_x43264_y15360.tif,Reactive,inside
/Dataset/Kurume_Dataset/tsuchimoto/data/Follicle_Dataset/size512_stride256/Reactive/JMR0089/follicle15/img_x20992_y28672.tif,Reactive,inside
/Dataset/Kurume_Dataset/tsuchimoto/data/Follicle_Dataset/size512_stride256/Reactive/JMR0057/follicle8/img_x26368_y22016.tif,Reactive,inside
/Dataset/Kurume_Dataset/tsuchimoto/data/Follicle_Dataset/size512_stride256/Reactive/JMR1434/follicle21/img_x34560_y50688.tif,Reactive,inside
/Dataset/Kurume_Dataset/tsuchimoto/data/Follicle_Dataset/size512_stride256/Reactive/JMR1126/follicle12/img_x27904_y19200.tif,Reactive,inside
/Dataset/Kurume_Dataset/tsuchimoto/data/Follicle_Dataset/size512_stride256/Reactive/JMR3140/follicle2/img_x31232_y12544.tif,Reactive,inside
/Dataset/Kurume_Dataset/tsuchimoto/data/Follicle_Dataset/size512_stride256/Reactive/JMR1077/follicle53/img_x24576_y33024.tif,Reactive,inside
/Dataset/Kurume_Dataset/tsuchimoto/data/Follicle_Dataset/size512_stride256/Reactive/JMR2279/follicle42/img_x46848_y49920.tif,Reactive,inside
/Dataset/Kurume_Dataset/tsuchimoto/data/Follicle_Dataset/size512_stride256/Reactive/JMR2302/follicle54/img_x38144_y50432.tif,Reactive,inside
/Dataset/Kurume_Dataset/tsuchimoto/data/Follicle_Dataset/size512_stride256/Reactive/JMR1745/follicle3/img_x37120_y18176.tif,Reactive,inside
/Dataset/Kurume_Dataset/tsuchimoto/data/Follicle_Dataset/size512_stride256/Reactive/JMR0219/follicle4/img_x35840_y19712.tif,Reactive,inside
/Dataset/Kurume_Dataset/tsuchimoto/data/Follicle_Dataset/size512_stride256/Reactive/JMR2205/follicle8/img_x27904_y12288.tif,Reactive,inside
/Dataset/Kurume_Dataset/tsuchimoto/data/Follicle_Dataset/size512_stride256/Reactive/JMR2524/follicle8/img_x13056_y19456.tif,Reactive,inside
/Dataset/Kurume_Dataset/tsuchimoto/data/Follicle_Dataset/size512_stride256/Reactive/JMR3257/follicle18/img_x62720_y31488.tif,Reactive,inside
/Dataset/Kurume_Dataset/tsuchimoto/data/Follicle_Dataset/size512_stride256/Reactive/JMR1745/follicle17/img_x43008_y37120.tif,Reactive,inside
/Dataset/Kurume_Dataset/tsuchimoto/data/Follicle_Dataset/size512_stride256/Reactive/JMR1745/follicle9/img_x42496_y25344.tif,Reactive,inside
/Dataset/Kurume_Dataset/tsuchimoto/data/Follicle_Dataset/size512_stride256/Reactive/JMR1745/follicle5/img_x44032_y20736.tif,Reactive,inside
/Dataset/Kurume_Dataset/tsuchimoto/data/Follicle_Dataset/size512_stride256/Reactive/JMR0738/follicle18/img_x54784_y20224.tif,Reactive,inside
/Dataset/Kurume_Dataset/tsuchimoto/data/Follicle_Dataset/size512_stride256/Reactive/JMR2302/follicle29/img_x44544_y33280.tif,Reactive,inside
/Dataset/Kurume_Dataset/tsuchimoto/data/Follicle_Dataset/size512_stride256/Reactive/JMR1050/follicle23/img_x13056_y32000.tif,Reactive,inside
/Dataset/Kurume_Dataset/tsuchimoto/data/Follicle_Dataset/size512_stride256/Reactive/JMR0569/follicle1/img_x20992_y10752.tif,Reactive,inside
/Dataset/Kurume_Dataset/tsuchimoto/data/Follicle_Dataset/size512_stride256/Reactive/JMR2107/follicle24/img_x29184_y27136.tif,Reactive,inside
/Dataset/Kurume_Dataset/tsuchimoto/data/Follicle_Dataset/size512_stride256/Reactive/JMR2408/follicle9/img_x14592_y13312.tif,Reactive,inside
/Dataset/Kurume_Dataset/tsuchimoto/data/Follicle_Dataset/size512_stride256/Reactive/JMR1745/follicle3/img_x36352_y17920.tif,Reactive,inside
/Dataset/Kurume_Dataset/tsuchimoto/data/Follicle_Dataset/size512_stride256/Reactive/JMR1364/follicle12/img_x46848_y33280.tif,Reactive,inside
/Dataset/Kurume_Dataset/tsuchimoto/data/Follicle_Dataset/size512_stride256/Reactive/JMR1364/follicle17/img_x52480_y40448.tif,Reactive,inside
/Dataset/Kurume_Dataset/tsuchimoto/data/Follicle_Dataset/size512_stride256/Reactive/JMR1050/follicle33/img_x15360_y40704.tif,Reactive,inside
/Dataset/Kurume_Dataset/tsuchimoto/data/Follicle_Dataset/size512_stride256/Reactive/JMR0219/follicle11/img_x67840_y22528.tif,Reactive,inside
/Dataset/Kurume_Dataset/tsuchimoto/data/Follicle_Dataset/size512_stride256/Reactive/JMR1745/follicle8/img_x47872_y22016.tif,Reactive,inside
/Dataset/Kurume_Dataset/tsuchimoto/data/Follicle_Dataset/size512_stride256/Reactive/JMR2524/follicle40/img_x32256_y64256.tif,Reactive,inside
/Dataset/Kurume_Dataset/tsuchimoto/data/Follicle_Dataset/size512_stride256/Reactive/JMR2452/follicle84/img_x29184_y50432.tif,Reactive,inside
/Dataset/Kurume_Dataset/tsuchimoto/data/Follicle_Dataset/size512_stride256/Reactive/JMR2524/follicle11/img_x28928_y21760.tif,Reactive,inside
/Dataset/Kurume_Dataset/tsuchimoto/data/Follicle_Dataset/size512_stride256/Reactive/JMR1126/follicle11/img_x31744_y17920.tif,Reactive,inside
/Dataset/Kurume_Dataset/tsuchimoto/data/Follicle_Dataset/size512_stride256/Reactive/JMR2865/follicle7/img_x36864_y13312.tif,Reactive,inside
/Dataset/Kurume_Dataset/tsuchimoto/data/Follicle_Dataset/size512_stride256/Reactive/JMR2302/follicle60/img_x31744_y54784.tif,Reactive,inside
/Dataset/Kurume_Dataset/tsuchimoto/data/Follicle_Dataset/size512_stride256/Reactive/JMR2524/follicle5/img_x29952_y18944.tif,Reactive,inside
/Dataset/Kurume_Dataset/tsuchimoto/data/Follicle_Dataset/size512_stride256/Reactive/JMR0789/follicle47/img_x49664_y52480.tif,Reactive,inside
/Dataset/Kurume_Dataset/tsuchimoto/data/Follicle_Dataset/size512_stride256/Reactive/JMR2279/follicle32/img_x29952_y42240.tif,Reactive,inside
/Dataset/Kurume_Dataset/tsuchimoto/data/Follicle_Dataset/size512_stride256/Reactive/JMR2291/follicle21/img_x55296_y23552.tif,Reactive,inside
/Dataset/Kurume_Dataset/tsuchimoto/data/Follicle_Dataset/size512_stride256/Reactive/JMR2517/follicle9/img_x118016_y31488.tif,Reactive,inside
/Dataset/Kurume_Dataset/tsuchimoto/data/Follicle_Dataset/size512_stride256/Reactive/JMR1434/follicle24/img_x50176_y57344.tif,Reactive,inside
/Dataset/Kurume_Dataset/tsuchimoto/data/Follicle_Dataset/size512_stride256/Reactive/JMR1050/follicle30/img_x19968_y37120.tif,Reactive,inside
/Dataset/Kurume_Dataset/tsuchimoto/data/Follicle_Dataset/size512_stride256/Reactive/JMR1364/follicle17/img_x52224_y41472.tif,Reactive,inside
/Dataset/Kurume_Dataset/tsuchimoto/data/Follicle_Dataset/size512_stride256/Reactive/JMR3223/follicle15/img_x21248_y26368.tif,Reactive,inside
/Dataset/Kurume_Dataset/tsuchimoto/data/Follicle_Dataset/size512_stride256/Reactive/JMR1610/follicle40/img_x23040_y39680.tif,Reactive,inside
/Dataset/Kurume_Dataset/tsuchimoto/data/Follicle_Dataset/size512_stride256/Reactive/JMR2291/follicle38/img_x54272_y35072.tif,Reactive,inside
/Dataset/Kurume_Dataset/tsuchimoto/data/Follicle_Dataset/size512_stride256/Reactive/JMR0789/follicle11/img_x26880_y18176.tif,Reactive,inside
/Dataset/Kurume_Dataset/tsuchimoto/data/Follicle_Dataset/size512_stride256/Reactive/JMR2205/follicle31/img_x15616_y25856.tif,Reactive,inside
/Dataset/Kurume_Dataset/tsuchimoto/data/Follicle_Dataset/size512_stride256/Reactive/JMR2291/follicle85/img_x36864_y72704.tif,Reactive,inside
/Dataset/Kurume_Dataset/tsuchimoto/data/Follicle_Dataset/size512_stride256/Reactive/JMR2107/follicle1/img_x33536_y9984.tif,Reactive,inside
/Dataset/Kurume_Dataset/tsuchimoto/data/Follicle_Dataset/size512_stride256/Reactive/JMR2452/follicle57/img_x59904_y34304.tif,Reactive,inside
/Dataset/Kurume_Dataset/tsuchimoto/data/Follicle_Dataset/size512_stride256/Reactive/JMR1745/follicle9/img_x41728_y24832.tif,Reactive,inside
/Dataset/Kurume_Dataset/tsuchimoto/data/Follicle_Dataset/size512_stride256/Reactive/JMR1050/follicle54/img_x19712_y53760.tif,Reactive,inside
/Dataset/Kurume_Dataset/tsuchimoto/data/Follicle_Dataset/size512_stride256/Reactive/JMR1434/follicle18/img_x44032_y49920.tif,Reactive,inside
/Dataset/Kurume_Dataset/tsuchimoto/data/Follicle_Dataset/size512_stride256/Reactive/JMR0089/follicle29/img_x18944_y36864.tif,Reactive,inside
/Dataset/Kurume_Dataset/tsuchimoto/data/Follicle_Dataset/size512_stride256/Reactive/JMR0789/follicle42/img_x35072_y49920.tif,Reactive,inside
/Dataset/Kurume_Dataset/tsuchimoto/data/Follicle_Dataset/size512_stride256/Reactive/JMR1126/follicle33/img_x19968_y33024.tif,Reactive,inside
/Dataset/Kurume_Dataset/tsuchimoto/data/Follicle_Dataset/size512_stride256/Reactive/JMR2524/follicle28/img_x25344_y49920.tif,Reactive,inside
/Dataset/Kurume_Dataset/tsuchimoto/data/Follicle_Dataset/size512_stride256/Reactive/JMR2205/follicle38/img_x13056_y29184.tif,Reactive,inside
/Dataset/Kurume_Dataset/tsuchimoto/data/Follicle_Dataset/size512_stride256/Reactive/JMR0045/follicle2/img_x25344_y30976.tif,Reactive,inside
/Dataset/Kurume_Dataset/tsuchimoto/data/Follicle_Dataset/size512_stride256/Reactive/JMR3223/follicle1/img_x48896_y18688.tif,Reactive,inside
/Dataset/Kurume_Dataset/tsuchimoto/data/Follicle_Dataset/size512_stride256/Reactive/JMR2865/follicle6/img_x26880_y13056.tif,Reactive,inside
/Dataset/Kurume_Dataset/tsuchimoto/data/Follicle_Dataset/size512_stride256/Reactive/JMR2452/follicle10/img_x48896_y13568.tif,Reactive,inside
/Dataset/Kurume_Dataset/tsuchimoto/data/Follicle_Dataset/size512_stride256/Reactive/JMR1745/follicle12/img_x43776_y29440.tif,Reactive,inside
/Dataset/Kurume_Dataset/tsuchimoto/data/Follicle_Dataset/size512_stride256/Reactive/JMR1022/follicle15/img_x12544_y36864.tif,Reactive,inside
/Dataset/Kurume_Dataset/tsuchimoto/data/Follicle_Dataset/size512_stride256/Reactive/JMR1364/follicle31/img_x61696_y58624.tif,Reactive,inside
/Dataset/Kurume_Dataset/tsuchimoto/data/Follicle_Dataset/size512_stride256/Reactive/JMR1610/follicle1/img_x47360_y8704.tif,Reactive,inside
/Dataset/Kurume_Dataset/tsuchimoto/data/Follicle_Dataset/size512_stride256/Reactive/JMR2298/follicle33/img_x43008_y23552.tif,Reactive,inside
/Dataset/Kurume_Dataset/tsuchimoto/data/Follicle_Dataset/size512_stride256/Reactive/JMR1434/follicle21/img_x33536_y51968.tif,Reactive,inside
/Dataset/Kurume_Dataset/tsuchimoto/data/Follicle_Dataset/size512_stride256/Reactive/JMR1077/follicle61/img_x15360_y43008.tif,Reactive,inside
/Dataset/Kurume_Dataset/tsuchimoto/data/Follicle_Dataset/size512_stride256/Reactive/JMR2452/follicle51/img_x55808_y33024.tif,Reactive,inside
/Dataset/Kurume_Dataset/tsuchimoto/data/Follicle_Dataset/size512_stride256/Reactive/JMR1126/follicle8/img_x18432_y16640.tif,Reactive,inside
/Dataset/Kurume_Dataset/tsuchimoto/data/Follicle_Dataset/size512_stride256/Reactive/JMR2302/follicle29/img_x43008_y29440.tif,Reactive,inside
/Dataset/Kurume_Dataset/tsuchimoto/data/Follicle_Dataset/size512_stride256/Reactive/JMR2279/follicle2/img_x44544_y14848.tif,Reactive,inside
/Dataset/Kurume_Dataset/tsuchimoto/data/Follicle_Dataset/size512_stride256/Reactive/JMR2408/follicle28/img_x46848_y23296.tif,Reactive,inside
/Dataset/Kurume_Dataset/tsuchimoto/data/Follicle_Dataset/size512_stride256/Reactive/JMR1022/follicle13/img_x14848_y30464.tif,Reactive,inside
/Dataset/Kurume_Dataset/tsuchimoto/data/Follicle_Dataset/size512_stride256/Reactive/JMR0089/follicle36/img_x24320_y40448.tif,Reactive,inside
/Dataset/Kurume_Dataset/tsuchimoto/data/Follicle_Dataset/size512_stride256/Reactive/JMR2205/follicle11/img_x37120_y12032.tif,Reactive,inside
/Dataset/Kurume_Dataset/tsuchimoto/data/Follicle_Dataset/size512_stride256/Reactive/JMR0738/follicle18/img_x55040_y20480.tif,Reactive,inside
/Dataset/Kurume_Dataset/tsuchimoto/data/Follicle_Dataset/size512_stride256/Reactive/JMR2107/follicle24/img_x28928_y27392.tif,Reactive,inside
/Dataset/Kurume_Dataset/tsuchimoto/data/Follicle_Dataset/size512_stride256/Reactive/JMR3223/follicle8/img_x43520_y20736.tif,Reactive,inside
/Dataset/Kurume_Dataset/tsuchimoto/data/Follicle_Dataset/size512_stride256/Reactive/JMR3257/follicle17/img_x34560_y30720.tif,Reactive,inside
/Dataset/Kurume_Dataset/tsuchimoto/data/Follicle_Dataset/size512_stride256/Reactive/JMR2205/follicle45/img_x20992_y33792.tif,Reactive,inside
/Dataset/Kurume_Dataset/tsuchimoto/data/Follicle_Dataset/size512_stride256/Reactive/JMR2517/follicle27/img_x100096_y41984.tif,Reactive,inside
/Dataset/Kurume_Dataset/tsuchimoto/data/Follicle_Dataset/size512_stride256/Reactive/JMR0738/follicle9/img_x40704_y13056.tif,Reactive,inside
/Dataset/Kurume_Dataset/tsuchimoto/data/Follicle_Dataset/size512_stride256/Reactive/JMR1126/follicle3/img_x37632_y9728.tif,Reactive,inside
/Dataset/Kurume_Dataset/tsuchimoto/data/Follicle_Dataset/size512_stride256/Reactive/JMR1050/follicle27/img_x12800_y34560.tif,Reactive,inside
/Dataset/Kurume_Dataset/tsuchimoto/data/Follicle_Dataset/size512_stride256/Reactive/JMR1050/follicle30/img_x19712_y36608.tif,Reactive,inside
/Dataset/Kurume_Dataset/tsuchimoto/data/Follicle_Dataset/size512_stride256/Reactive/JMR0738/follicle4/img_x54784_y11520.tif,Reactive,inside
/Dataset/Kurume_Dataset/tsuchimoto/data/Follicle_Dataset/size512_stride256/Reactive/JMR2291/follicle79/img_x46592_y69376.tif,Reactive,inside
/Dataset/Kurume_Dataset/tsuchimoto/data/Follicle_Dataset/size512_stride256/Reactive/JMR1745/follicle7/img_x51712_y23040.tif,Reactive,inside
/Dataset/Kurume_Dataset/tsuchimoto/data/Follicle_Dataset/size512_stride256/Reactive/JMR2408/follicle19/img_x75776_y19712.tif,Reactive,inside
/Dataset/Kurume_Dataset/tsuchimoto/data/Follicle_Dataset/size512_stride256/Reactive/JMR2408/follicle31/img_x23552_y25344.tif,Reactive,inside
/Dataset/Kurume_Dataset/tsuchimoto/data/Follicle_Dataset/size512_stride256/Reactive/JMR3257/follicle14/img_x35328_y28160.tif,Reactive,inside
/Dataset/Kurume_Dataset/tsuchimoto/data/Follicle_Dataset/size512_stride256/Reactive/JMR2291/follicle79/img_x45824_y68864.tif,Reactive,inside
/Dataset/Kurume_Dataset/tsuchimoto/data/Follicle_Dataset/size512_stride256/Reactive/JMR1364/follicle14/img_x50176_y35584.tif,Reactive,inside
/Dataset/Kurume_Dataset/tsuchimoto/data/Follicle_Dataset/size512_stride256/Reactive/JMR2302/outside_follicles_n1000/img_x48640_y53760.tif,Reactive,outside
/Dataset/Kurume_Dataset/tsuchimoto/data/Follicle_Dataset/size512_stride256/Reactive/JMR1126/outside_follicles_n1000/img_x41984_y26624.tif,Reactive,outside
/Dataset/Kurume_Dataset/tsuchimoto/data/Follicle_Dataset/size512_stride256/Reactive/JMR1050/outside_follicles_n1000/img_x13312_y29184.tif,Reactive,outside
/Dataset/Kurume_Dataset/tsuchimoto/data/Follicle_Dataset/size512_stride256/Reactive/JMR0007/outside_follicles_n1000/img_x49664_y20480.tif,Reactive,outside
/Dataset/Kurume_Dataset/tsuchimoto/data/Follicle_Dataset/size512_stride256/Reactive/JMR2524/outside_follicles_n1000/img_x44544_y68096.tif,Reactive,outside
/Dataset/Kurume_Dataset/tsuchimoto/data/Follicle_Dataset/size512_stride256/Reactive/JMR0045/outside_follicles_n1000/img_x20480_y14336.tif,Reactive,outside
/Dataset/Kurume_Dataset/tsuchimoto/data/Follicle_Dataset/size512_stride256/Reactive/JMR2524/outside_follicles_n1000/img_x52224_y30720.tif,Reactive,outside
/Dataset/Kurume_Dataset/tsuchimoto/data/Follicle_Dataset/size512_stride256/Reactive/JMR1050/outside_follicles_n1000/img_x15872_y32256.tif,Reactive,outside
/Dataset/Kurume_Dataset/tsuchimoto/data/Follicle_Dataset/size512_stride256/Reactive/JMR1364/outside_follicles_n1000/img_x19968_y29184.tif,Reactive,outside
/Dataset/Kurume_Dataset/tsuchimoto/data/Follicle_Dataset/size512_stride256/Reactive/JMR0738/outside_follicles_n1000/img_x19968_y12800.tif,Reactive,outside
/Dataset/Kurume_Dataset/tsuchimoto/data/Follicle_Dataset/size512_stride256/Reactive/JMR3223/outside_follicles_n1000/img_x60928_y31744.tif,Reactive,outside
/Dataset/Kurume_Dataset/tsuchimoto/data/Follicle_Dataset/size512_stride256/Reactive/JMR2107/outside_follicles_n1000/img_x29696_y22016.tif,Reactive,outside
/Dataset/Kurume_Dataset/tsuchimoto/data/Follicle_Dataset/size512_stride256/Reactive/JMR3257/outside_follicles_n1000/img_x68608_y23040.tif,Reactive,outside
/Dataset/Kurume_Dataset/tsuchimoto/data/Follicle_Dataset/size512_stride256/Reactive/JMR2517/outside_follicles_n1000/img_x98816_y31232.tif,Reactive,outside
/Dataset/Kurume_Dataset/tsuchimoto/data/Follicle_Dataset/size512_stride256/Reactive/JMR2291/outside_follicles_n1000/img_x33280_y29696.tif,Reactive,outside
/Dataset/Kurume_Dataset/tsuchimoto/data/Follicle_Dataset/size512_stride256/Reactive/JMR3165/outside_follicles_n1000/img_x13824_y17408.tif,Reactive,outside
/Dataset/Kurume_Dataset/tsuchimoto/data/Follicle_Dataset/size512_stride256/Reactive/JMR1364/outside_follicles_n1000/img_x16384_y54784.tif,Reactive,outside
/Dataset/Kurume_Dataset/tsuchimoto/data/Follicle_Dataset/size512_stride256/Reactive/JMR0057/outside_follicles_n1000/img_x56320_y18432.tif,Reactive,outside
/Dataset/Kurume_Dataset/tsuchimoto/data/Follicle_Dataset/size512_stride256/Reactive/JMR1361/outside_follicles_n1000/img_x17408_y12800.tif,Reactive,outside
/Dataset/Kurume_Dataset/tsuchimoto/data/Follicle_Dataset/size512_stride256/Reactive/JMR1022/outside_follicles_n1000/img_x15872_y24064.tif,Reactive,outside
/Dataset/Kurume_Dataset/tsuchimoto/data/Follicle_Dataset/size512_stride256/Reactive/JMR2279/outside_follicles_n1000/img_x70656_y30208.tif,Reactive,outside
/Dataset/Kurume_Dataset/tsuchimoto/data/Follicle_Dataset/size512_stride256/Reactive/JMR2291/outside_follicles_n1000/img_x48128_y20992.tif,Reactive,outside
/Dataset/Kurume_Dataset/tsuchimoto/data/Follicle_Dataset/size512_stride256/Reactive/JMR1126/outside_follicles_n1000/img_x27136_y35328.tif,Reactive,outside
/Dataset/Kurume_Dataset/tsuchimoto/data/Follicle_Dataset/size512_stride256/Reactive/JMR2302/outside_follicles_n1000/img_x43008_y46080.tif,Reactive,outside
/Dataset/Kurume_Dataset/tsuchimoto/data/Follicle_Dataset/size512_stride256/Reactive/JMR0045/outside_follicles_n1000/img_x11264_y25088.tif,Reactive,outside
/Dataset/Kurume_Dataset/tsuchimoto/data/Follicle_Dataset/size512_stride256/Reactive/JMR0789/outside_follicles_n1000/img_x44544_y56832.tif,Reactive,outside
/Dataset/Kurume_Dataset/tsuchimoto/data/Follicle_Dataset/size512_stride256/Reactive/JMR1434/outside_follicles_n1000/img_x48128_y16384.tif,Reactive,outside
/Dataset/Kurume_Dataset/tsuchimoto/data/Follicle_Dataset/size512_stride256/Reactive/JMR1610/outside_follicles_n1000/img_x11776_y17920.tif,Reactive,outside
/Dataset/Kurume_Dataset/tsuchimoto/data/Follicle_Dataset/size512_stride256/Reactive/JMR2232/outside_follicles_n1000/img_x16384_y18432.tif,Reactive,outside
/Dataset/Kurume_Dataset/tsuchimoto/data/Follicle_Dataset/size512_stride256/Reactive/JMR2107/outside_follicles_n1000/img_x27648_y23040.tif,Reactive,outside
/Dataset/Kurume_Dataset/tsuchimoto/data/Follicle_Dataset/size512_stride256/Reactive/JMR1434/outside_follicles_n1000/img_x57344_y19968.tif,Reactive,outside
/Dataset/Kurume_Dataset/tsuchimoto/data/Follicle_Dataset/size512_stride256/Reactive/JMR1610/outside_follicles_n1000/img_x42496_y9216.tif,Reactive,outside
/Dataset/Kurume_Dataset/tsuchimoto/data/Follicle_Dataset/size512_stride256/Reactive/JMR0007/outside_follicles_n1000/img_x22016_y18432.tif,Reactive,outside
/Dataset/Kurume_Dataset/tsuchimoto/data/Follicle_Dataset/size512_stride256/Reactive/JMR2107/outside_follicles_n1000/img_x41984_y20992.tif,Reactive,outside
/Dataset/Kurume_Dataset/tsuchimoto/data/Follicle_Dataset/size512_stride256/Reactive/JMR2408/outside_follicles_n1000/img_x61952_y23552.tif,Reactive,outside
/Dataset/Kurume_Dataset/tsuchimoto/data/Follicle_Dataset/size512_stride256/Reactive/JMR2524/outside_follicles_n1000/img_x39424_y14336.tif,Reactive,outside
/Dataset/Kurume_Dataset/tsuchimoto/data/Follicle_Dataset/size512_stride256/Reactive/JMR1610/outside_follicles_n1000/img_x47104_y27648.tif,Reactive,outside
/Dataset/Kurume_Dataset/tsuchimoto/data/Follicle_Dataset/size512_stride256/Reactive/JMR1434/outside_follicles_n1000/img_x8192_y15872.tif,Reactive,outside
/Dataset/Kurume_Dataset/tsuchimoto/data/Follicle_Dataset/size512_stride256/Reactive/JMR2524/outside_follicles_n1000/img_x56832_y46592.tif,Reactive,outside
/Dataset/Kurume_Dataset/tsuchimoto/data/Follicle_Dataset/size512_stride256/Reactive/JMR0090/outside_follicles_n1000/img_x20480_y24576.tif,Reactive,outside
/Dataset/Kurume_Dataset/tsuchimoto/data/Follicle_Dataset/size512_stride256/Reactive/JMR1050/outside_follicles_n1000/img_x15872_y18432.tif,Reactive,outside
/Dataset/Kurume_Dataset/tsuchimoto/data/Follicle_Dataset/size512_stride256/Reactive/JMR0089/outside_follicles_n1000/img_x15360_y31744.tif,Reactive,outside
/Dataset/Kurume_Dataset/tsuchimoto/data/Follicle_Dataset/size512_stride256/Reactive/JMR0789/outside_follicles_n1000/img_x34304_y22016.tif,Reactive,outside
/Dataset/Kurume_Dataset/tsuchimoto/data/Follicle_Dataset/size512_stride256/Reactive/JMR1126/outside_follicles_n1000/img_x33280_y34304.tif,Reactive,outside
/Dataset/Kurume_Dataset/tsuchimoto/data/Follicle_Dataset/size512_stride256/Reactive/JMR0789/outside_follicles_n1000/img_x34816_y23040.tif,Reactive,outside
/Dataset/Kurume_Dataset/tsuchimoto/data/Follicle_Dataset/size512_stride256/Reactive/JMR2232/outside_follicles_n1000/img_x33280_y23552.tif,Reactive,outside
/Dataset/Kurume_Dataset/tsuchimoto/data/Follicle_Dataset/size512_stride256/Reactive/JMR2279/outside_follicles_n1000/img_x56320_y16384.tif,Reactive,outside
/Dataset/Kurume_Dataset/tsuchimoto/data/Follicle_Dataset/size512_stride256/Reactive/JMR1610/outside_follicles_n1000/img_x12800_y20480.tif,Reactive,outside
/Dataset/Kurume_Dataset/tsuchimoto/data/Follicle_Dataset/size512_stride256/Reactive/JMR1126/outside_follicles_n1000/img_x39936_y7680.tif,Reactive,outside
/Dataset/Kurume_Dataset/tsuchimoto/data/Follicle_Dataset/size512_stride256/Reactive/JMR1050/outside_follicles_n1000/img_x18944_y20992.tif,Reactive,outside
/Dataset/Kurume_Dataset/tsuchimoto/data/Follicle_Dataset/size512_stride256/Reactive/JMR1050/outside_follicles_n1000/img_x13312_y44544.tif,Reactive,outside
/Dataset/Kurume_Dataset/tsuchimoto/data/Follicle_Dataset/size512_stride256/Reactive/JMR2279/outside_follicles_n1000/img_x24576_y17408.tif,Reactive,outside
/Dataset/Kurume_Dataset/tsuchimoto/data/Follicle_Dataset/size512_stride256/Reactive/JMR2279/outside_follicles_n1000/img_x27136_y28672.tif,Reactive,outside
/Dataset/Kurume_Dataset/tsuchimoto/data/Follicle_Dataset/size512_stride256/Reactive/JMR1745/outside_follicles_n1000/img_x30208_y34304.tif,Reactive,outside
/Dataset/Kurume_Dataset/tsuchimoto/data/Follicle_Dataset/size512_stride256/Reactive/JMR1022/outside_follicles_n1000/img_x14336_y37376.tif,Reactive,outside
/Dataset/Kurume_Dataset/tsuchimoto/data/Follicle_Dataset/size512_stride256/Reactive/JMR2452/outside_follicles_n1000/img_x61952_y21504.tif,Reactive,outside
/Dataset/Kurume_Dataset/tsuchimoto/data/Follicle_Dataset/size512_stride256/Reactive/JMR1022/outside_follicles_n1000/img_x16384_y48128.tif,Reactive,outside
/Dataset/Kurume_Dataset/tsuchimoto/data/Follicle_Dataset/size512_stride256/Reactive/JMR1126/outside_follicles_n1000/img_x18432_y34304.tif,Reactive,outside
/Dataset/Kurume_Dataset/tsuchimoto/data/Follicle_Dataset/size512_stride256/Reactive/JMR1126/outside_follicles_n1000/img_x30720_y13312.tif,Reactive,outside
/Dataset/Kurume_Dataset/tsuchimoto/data/Follicle_Dataset/size512_stride256/Reactive/JMR0057/outside_follicles_n1000/img_x17920_y19968.tif,Reactive,outside
/Dataset/Kurume_Dataset/tsuchimoto/data/Follicle_Dataset/size512_stride256/Reactive/JMR3223/outside_follicles_n1000/img_x13312_y24064.tif,Reactive,outside
/Dataset/Kurume_Dataset/tsuchimoto/data/Follicle_Dataset/size512_stride256/Reactive/JMR2517/outside_follicles_n1000/img_x115712_y47104.tif,Reactive,outside
/Dataset/Kurume_Dataset/tsuchimoto/data/Follicle_Dataset/size512_stride256/Reactive/JMR3165/outside_follicles_n1000/img_x8704_y14848.tif,Reactive,outside
/Dataset/Kurume_Dataset/tsuchimoto/data/Follicle_Dataset/size512_stride256/Reactive/JMR0089/outside_follicles_n1000/img_x9216_y20480.tif,Reactive,outside
/Dataset/Kurume_Dataset/tsuchimoto/data/Follicle_Dataset/size512_stride256/Reactive/JMR3140/outside_follicles_n1000/img_x49152_y19968.tif,Reactive,outside
/Dataset/Kurume_Dataset/tsuchimoto/data/Follicle_Dataset/size512_stride256/Reactive/JMR0090/outside_follicles_n1000/img_x19968_y20992.tif,Reactive,outside
/Dataset/Kurume_Dataset/tsuchimoto/data/Follicle_Dataset/size512_stride256/Reactive/JMR0007/outside_follicles_n1000/img_x17408_y13824.tif,Reactive,outside
/Dataset/Kurume_Dataset/tsuchimoto/data/Follicle_Dataset/size512_stride256/Reactive/JMR2517/outside_follicles_n1000/img_x112128_y22528.tif,Reactive,outside
/Dataset/Kurume_Dataset/tsuchimoto/data/Follicle_Dataset/size512_stride256/Reactive/JMR1745/outside_follicles_n1000/img_x24576_y31744.tif,Reactive,outside
/Dataset/Kurume_Dataset/tsuchimoto/data/Follicle_Dataset/size512_stride256/Reactive/JMR0219/outside_follicles_n1000/img_x19456_y32256.tif,Reactive,outside
/Dataset/Kurume_Dataset/tsuchimoto/data/Follicle_Dataset/size512_stride256/Reactive/JMR2452/outside_follicles_n1000/img_x62976_y11264.tif,Reactive,outside
/Dataset/Kurume_Dataset/tsuchimoto/data/Follicle_Dataset/size512_stride256/Reactive/JMR2291/outside_follicles_n1000/img_x40448_y51712.tif,Reactive,outside
/Dataset/Kurume_Dataset/tsuchimoto/data/Follicle_Dataset/size512_stride256/Reactive/JMR3140/outside_follicles_n1000/img_x37888_y19456.tif,Reactive,outside
/Dataset/Kurume_Dataset/tsuchimoto/data/Follicle_Dataset/size512_stride256/Reactive/JMR3257/outside_follicles_n1000/img_x59904_y15360.tif,Reactive,outside
/Dataset/Kurume_Dataset/tsuchimoto/data/Follicle_Dataset/size512_stride256/Reactive/JMR1364/outside_follicles_n1000/img_x23040_y31744.tif,Reactive,outside
/Dataset/Kurume_Dataset/tsuchimoto/data/Follicle_Dataset/size512_stride256/Reactive/JMR1077/outside_follicles_n1000/img_x10752_y17920.tif,Reactive,outside
/Dataset/Kurume_Dataset/tsuchimoto/data/Follicle_Dataset/size512_stride256/Reactive/JMR3257/outside_follicles_n1000/img_x55296_y17408.tif,Reactive,outside
/Dataset/Kurume_Dataset/tsuchimoto/data/Follicle_Dataset/size512_stride256/Reactive/JMR0007/outside_follicles_n1000/img_x38912_y25600.tif,Reactive,outside
/Dataset/Kurume_Dataset/tsuchimoto/data/Follicle_Dataset/size512_stride256/Reactive/JMR2205/outside_follicles_n1000/img_x9728_y26112.tif,Reactive,outside
/Dataset/Kurume_Dataset/tsuchimoto/data/Follicle_Dataset/size512_stride256/Reactive/JMR0569/outside_follicles_n1000/img_x43008_y18432.tif,Reactive,outside
/Dataset/Kurume_Dataset/tsuchimoto/data/Follicle_Dataset/size512_stride256/Reactive/JMR1745/outside_follicles_n1000/img_x39424_y25600.tif,Reactive,outside
/Dataset/Kurume_Dataset/tsuchimoto/data/Follicle_Dataset/size512_stride256/Reactive/JMR0569/outside_follicles_n1000/img_x12288_y7680.tif,Reactive,outside
/Dataset/Kurume_Dataset/tsuchimoto/data/Follicle_Dataset/size512_stride256/Reactive/JMR1022/outside_follicles_n1000/img_x15360_y25600.tif,Reactive,outside
/Dataset/Kurume_Dataset/tsuchimoto/data/Follicle_Dataset/size512_stride256/Reactive/JMR2865/outside_follicles_n1000/img_x32768_y19968.tif,Reactive,outside
/Dataset/Kurume_Dataset/tsuchimoto/data/Follicle_Dataset/size512_stride256/Reactive/JMR2865/outside_follicles_n1000/img_x13824_y18432.tif,Reactive,outside
/Dataset/Kurume_Dataset/tsuchimoto/data/Follicle_Dataset/size512_stride256/Reactive/JMR0090/outside_follicles_n1000/img_x16896_y18944.tif,Reactive,outside
/Dataset/Kurume_Dataset/tsuchimoto/data/Follicle_Dataset/size512_stride256/Reactive/JMR3140/outside_follicles_n1000/img_x46592_y21504.tif,Reactive,outside
/Dataset/Kurume_Dataset/tsuchimoto/data/Follicle_Dataset/size512_stride256/Reactive/JMR2298/outside_follicles_n1000/img_x28672_y14336.tif,Reactive,outside
/Dataset/Kurume_Dataset/tsuchimoto/data/Follicle_Dataset/size512_stride256/Reactive/JMR0090/outside_follicles_n1000/img_x27136_y22528.tif,Reactive,outside
/Dataset/Kurume_Dataset/tsuchimoto/data/Follicle_Dataset/size512_stride256/Reactive/JMR2302/outside_follicles_n1000/img_x59904_y53248.tif,Reactive,outside
/Dataset/Kurume_Dataset/tsuchimoto/data/Follicle_Dataset/size512_stride256/Reactive/JMR2452/outside_follicles_n1000/img_x58368_y57856.tif,Reactive,outside
/Dataset/Kurume_Dataset/tsuchimoto/data/Follicle_Dataset/size512_stride256/Reactive/JMR2205/outside_follicles_n1000/img_x41472_y30720.tif,Reactive,outside
/Dataset/Kurume_Dataset/tsuchimoto/data/Follicle_Dataset/size512_stride256/Reactive/JMR3257/outside_follicles_n1000/img_x48128_y26112.tif,Reactive,outside
/Dataset/Kurume_Dataset/tsuchimoto/data/Follicle_Dataset/size512_stride256/Reactive/JMR2291/outside_follicles_n1000/img_x50176_y41984.tif,Reactive,outside
/Dataset/Kurume_Dataset/tsuchimoto/data/Follicle_Dataset/size512_stride256/Reactive/JMR1610/outside_follicles_n1000/img_x14336_y7680.tif,Reactive,outside
/Dataset/Kurume_Dataset/tsuchimoto/data/Follicle_Dataset/size512_stride256/Reactive/JMR0007/outside_follicles_n1000/img_x31232_y14336.tif,Reactive,outside
/Dataset/Kurume_Dataset/tsuchimoto/data/Follicle_Dataset/size512_stride256/Reactive/JMR0789/outside_follicles_n1000/img_x19968_y54272.tif,Reactive,outside
/Dataset/Kurume_Dataset/tsuchimoto/data/Follicle_Dataset/size512_stride256/Reactive/JMR2205/outside_follicles_n1000/img_x41472_y15360.tif,Reactive,outside
/Dataset/Kurume_Dataset/tsuchimoto/data/Follicle_Dataset/size512_stride256/Reactive/JMR2452/outside_follicles_n1000/img_x56832_y15360.tif,Reactive,outside
/Dataset/Kurume_Dataset/tsuchimoto/data/Follicle_Dataset/size512_stride256/Reactive/JMR0117/outside_follicles_n1000/img_x7680_y22528.tif,Reactive,outside
/Dataset/Kurume_Dataset/tsuchimoto/data/Follicle_Dataset/size512_stride256/Reactive/JMR2524/outside_follicles_n1000/img_x34816_y29184.tif,Reactive,outside
/Dataset/Kurume_Dataset/tsuchimoto/data/Follicle_Dataset/size512_stride256/Reactive/JMR0569/outside_follicles_n1000/img_x24064_y10752.tif,Reactive,outside
/Dataset/Kurume_Dataset/tsuchimoto/data/Follicle_Dataset/size512_stride256/Reactive/JMR3223/outside_follicles_n1000/img_x7680_y28160.tif,Reactive,outside
/Dataset/Kurume_Dataset/tsuchimoto/data/Follicle_Dataset/size512_stride256/Reactive/JMR1745/outside_follicles_n1000/img_x41984_y17408.tif,Reactive,outside
/Dataset/Kurume_Dataset/tsuchimoto/data/Follicle_Dataset/size512_stride256/Reactive/JMR2865/outside_follicles_n1000/img_x38912_y20480.tif,Reactive,outside
/Dataset/Kurume_Dataset/tsuchimoto/data/Follicle_Dataset/size512_stride256/Reactive/JMR3165/outside_follicles_n1000/img_x19968_y16384.tif,Reactive,outside
/Dataset/Kurume_Dataset/tsuchimoto/data/Follicle_Dataset/size512_stride256/Reactive/JMR0090/outside_follicles_n1000/img_x28160_y10240.tif,Reactive,outside
/Dataset/Kurume_Dataset/tsuchimoto/data/Follicle_Dataset/size512_stride256/Reactive/JMR1361/outside_follicles_n1000/img_x16896_y29184.tif,Reactive,outside
/Dataset/Kurume_Dataset/tsuchimoto/data/Follicle_Dataset/size512_stride256/Reactive/JMR2107/outside_follicles_n1000/img_x36864_y17408.tif,Reactive,outside
/Dataset/Kurume_Dataset/tsuchimoto/data/Follicle_Dataset/size512_stride256/Reactive/JMR0007/outside_follicles_n1000/img_x41472_y25600.tif,Reactive,outside
/Dataset/Kurume_Dataset/tsuchimoto/data/Follicle_Dataset/size512_stride256/Reactive/JMR2408/outside_follicles_n1000/img_x64000_y34816.tif,Reactive,outside
/Dataset/Kurume_Dataset/tsuchimoto/data/Follicle_Dataset/size512_stride256/Reactive/JMR2279/outside_follicles_n1000/img_x56320_y45056.tif,Reactive,outside
/Dataset/Kurume_Dataset/tsuchimoto/data/Follicle_Dataset/size512_stride256/Reactive/JMR1361/outside_follicles_n1000/img_x22528_y24576.tif,Reactive,outside
/Dataset/Kurume_Dataset/tsuchimoto/data/Follicle_Dataset/size512_stride256/Reactive/JMR0007/outside_follicles_n1000/img_x9216_y22016.tif,Reactive,outside
/Dataset/Kurume_Dataset/tsuchimoto/data/Follicle_Dataset/size512_stride256/Reactive/JMR0738/outside_follicles_n1000/img_x48128_y17920.tif,Reactive,outside
/Dataset/Kurume_Dataset/tsuchimoto/data/Follicle_Dataset/size512_stride256/Reactive/JMR2298/outside_follicles_n1000/img_x22528_y14336.tif,Reactive,outside
/Dataset/Kurume_Dataset/tsuchimoto/data/Follicle_Dataset/size512_stride256/Reactive/JMR3257/outside_follicles_n1000/img_x50176_y9216.tif,Reactive,outside
/Dataset/Kurume_Dataset/tsuchimoto/data/Follicle_Dataset/size512_stride256/Reactive/JMR1364/outside_follicles_n1000/img_x63488_y19968.tif,Reactive,outside
/Dataset/Kurume_Dataset/tsuchimoto/data/Follicle_Dataset/size512_stride256/Reactive/JMR0219/outside_follicles_n1000/img_x17920_y17920.tif,Reactive,outside
/Dataset/Kurume_Dataset/tsuchimoto/data/Follicle_Dataset/size512_stride256/Reactive/JMR0057/outside_follicles_n1000/img_x46080_y16896.tif,Reactive,outside
/Dataset/Kurume_Dataset/tsuchimoto/data/Follicle_Dataset/size512_stride256/Reactive/JMR3140/outside_follicles_n1000/img_x42496_y15872.tif,Reactive,outside
/Dataset/Kurume_Dataset/tsuchimoto/data/Follicle_Dataset/size512_stride256/Reactive/JMR2232/outside_follicles_n1000/img_x26624_y22528.tif,Reactive,outside
/Dataset/Kurume_Dataset/tsuchimoto/data/Follicle_Dataset/size512_stride256/Reactive/JMR1050/outside_follicles_n1000/img_x10240_y54784.tif,Reactive,outside
/Dataset/Kurume_Dataset/tsuchimoto/data/Follicle_Dataset/size512_stride256/Reactive/JMR2107/outside_follicles_n1000/img_x33792_y10752.tif,Reactive,outside
/Dataset/Kurume_Dataset/tsuchimoto/data/Follicle_Dataset/size512_stride256/Reactive/JMR3165/outside_follicles_n1000/img_x28672_y18432.tif,Reactive,outside
/Dataset/Kurume_Dataset/tsuchimoto/data/Follicle_Dataset/size512_stride256/Reactive/JMR0045/outside_follicles_n1000/img_x16896_y18432.tif,Reactive,outside
/Dataset/Kurume_Dataset/tsuchimoto/data/Follicle_Dataset/size512_stride256/Reactive/JMR0117/outside_follicles_n1000/img_x13824_y25600.tif,Reactive,outside
/Dataset/Kurume_Dataset/tsuchimoto/data/Follicle_Dataset/size512_stride256/Reactive/JMR0569/outside_follicles_n1000/img_x14848_y8704.tif,Reactive,outside
/Dataset/Kurume_Dataset/tsuchimoto/data/Follicle_Dataset/size512_stride256/Reactive/JMR0045/outside_follicles_n1000/img_x20992_y29184.tif,Reactive,outside
/Dataset/Kurume_Dataset/tsuchimoto/data/Follicle_Dataset/size512_stride256/Reactive/JMR1077/outside_follicles_n1000/img_x18432_y18432.tif,Reactive,outside
/Dataset/Kurume_Dataset/tsuchimoto/data/Follicle_Dataset/size512_stride256/Reactive/JMR1126/outside_follicles_n1000/img_x29696_y31232.tif,Reactive,outside
/Dataset/Kurume_Dataset/tsuchimoto/data/Follicle_Dataset/size512_stride256/Reactive/JMR2205/outside_follicles_n1000/img_x19456_y15360.tif,Reactive,outside
/Dataset/Kurume_Dataset/tsuchimoto/data/Follicle_Dataset/size512_stride256/Reactive/JMR1361/outside_follicles_n1000/img_x30208_y21504.tif,Reactive,outside
/Dataset/Kurume_Dataset/tsuchimoto/data/Follicle_Dataset/size512_stride256/Reactive/JMR2517/outside_follicles_n1000/img_x111104_y40960.tif,Reactive,outside
/Dataset/Kurume_Dataset/tsuchimoto/data/Follicle_Dataset/size512_stride256/Reactive/JMR0569/outside_follicles_n1000/img_x38400_y15872.tif,Reactive,outside
/Dataset/Kurume_Dataset/tsuchimoto/data/Follicle_Dataset/size512_stride256/Reactive/JMR0089/outside_follicles_n1000/img_x16384_y25088.tif,Reactive,outside
/Dataset/Kurume_Dataset/tsuchimoto/data/Follicle_Dataset/size512_stride256/Reactive/JMR0090/outside_follicles_n1000/img_x17920_y10240.tif,Reactive,outside
/Dataset/Kurume_Dataset/tsuchimoto/data/Follicle_Dataset/size512_stride256/Reactive/JMR2517/outside_follicles_n1000/img_x97280_y25600.tif,Reactive,outside
/Dataset/Kurume_Dataset/tsuchimoto/data/Follicle_Dataset/size512_stride256/Reactive/JMR2408/outside_follicles_n1000/img_x22528_y53248.tif,Reactive,outside
/Dataset/Kurume_Dataset/tsuchimoto/data/Follicle_Dataset/size512_stride256/Reactive/JMR0045/outside_follicles_n1000/img_x26624_y23040.tif,Reactive,outside
/Dataset/Kurume_Dataset/tsuchimoto/data/Follicle_Dataset/size512_stride256/Reactive/JMR0045/outside_follicles_n1000/img_x16896_y40960.tif,Reactive,outside
/Dataset/Kurume_Dataset/tsuchimoto/data/Follicle_Dataset/size512_stride256/Reactive/JMR2291/outside_follicles_n1000/img_x31232_y61952.tif,Reactive,outside
/Dataset/Kurume_Dataset/tsuchimoto/data/Follicle_Dataset/size512_stride256/Reactive/JMR0089/outside_follicles_n1000/img_x16896_y19456.tif,Reactive,outside
/Dataset/Kurume_Dataset/tsuchimoto/data/Follicle_Dataset/size512_stride256/Reactive/JMR1022/outside_follicles_n1000/img_x16896_y40960.tif,Reactive,outside
/Dataset/Kurume_Dataset/tsuchimoto/data/Follicle_Dataset/size512_stride256/Reactive/JMR3257/outside_follicles_n1000/img_x51712_y29696.tif,Reactive,outside
/Dataset/Kurume_Dataset/tsuchimoto/data/Follicle_Dataset/size512_stride256/Reactive/JMR0219/outside_follicles_n1000/img_x32768_y17408.tif,Reactive,outside
/Dataset/Kurume_Dataset/tsuchimoto/data/Follicle_Dataset/size512_stride256/Reactive/JMR0090/outside_follicles_n1000/img_x26624_y19968.tif,Reactive,outside
/Dataset/Kurume_Dataset/tsuchimoto/data/Follicle_Dataset/size512_stride256/Reactive/JMR2279/outside_follicles_n1000/img_x16896_y19968.tif,Reactive,outside
/Dataset/Kurume_Dataset/tsuchimoto/data/Follicle_Dataset/size512_stride256/Reactive/JMR2302/outside_follicles_n1000/img_x29696_y13312.tif,Reactive,outside
/Dataset/Kurume_Dataset/tsuchimoto/data/Follicle_Dataset/size512_stride256/Reactive/JMR2302/outside_follicles_n1000/img_x25088_y20992.tif,Reactive,outside
/Dataset/Kurume_Dataset/tsuchimoto/data/Follicle_Dataset/size512_stride256/Reactive/JMR2865/outside_follicles_n1000/img_x37376_y18432.tif,Reactive,outside
/Dataset/Kurume_Dataset/tsuchimoto/data/Follicle_Dataset/size512_stride256/Reactive/JMR0569/outside_follicles_n1000/img_x41984_y15360.tif,Reactive,outside
/Dataset/Kurume_Dataset/tsuchimoto/data/Follicle_Dataset/size512_stride256/Reactive/JMR2452/outside_follicles_n1000/img_x47616_y23040.tif,Reactive,outside
/Dataset/Kurume_Dataset/tsuchimoto/data/Follicle_Dataset/size512_stride256/Reactive/JMR0045/outside_follicles_n1000/img_x12800_y21504.tif,Reactive,outside
/Dataset/Kurume_Dataset/tsuchimoto/data/Follicle_Dataset/size512_stride256/Reactive/JMR0789/outside_follicles_n1000/img_x26624_y60416.tif,Reactive,outside
/Dataset/Kurume_Dataset/tsuchimoto/data/Follicle_Dataset/size512_stride256/Reactive/JMR2408/outside_follicles_n1000/img_x58368_y23552.tif,Reactive,outside
/Dataset/Kurume_Dataset/tsuchimoto/data/Follicle_Dataset/size512_stride256/Reactive/JMR2408/outside_follicles_n1000/img_x52736_y25088.tif,Reactive,outside
/Dataset/Kurume_Dataset/tsuchimoto/data/Follicle_Dataset/size512_stride256/Reactive/JMR0007/outside_follicles_n1000/img_x20992_y14336.tif,Reactive,outside
/Dataset/Kurume_Dataset/tsuchimoto/data/Follicle_Dataset/size512_stride256/Reactive/JMR2517/outside_follicles_n1000/img_x91648_y35840.tif,Reactive,outside
/Dataset/Kurume_Dataset/tsuchimoto/data/Follicle_Dataset/size512_stride256/Reactive/JMR0057/outside_follicles_n1000/img_x39424_y40448.tif,Reactive,outside
/Dataset/Kurume_Dataset/tsuchimoto/data/Follicle_Dataset/size512_stride256/Reactive/JMR1022/outside_follicles_n1000/img_x13824_y37888.tif,Reactive,outside
/Dataset/Kurume_Dataset/tsuchimoto/data/Follicle_Dataset/size512_stride256/Reactive/JMR1745/outside_follicles_n1000/img_x39424_y26112.tif,Reactive,outside
/Dataset/Kurume_Dataset/tsuchimoto/data/Follicle_Dataset/size512_stride256/Reactive/JMR3223/outside_follicles_n1000/img_x66048_y26112.tif,Reactive,outside
/Dataset/Kurume_Dataset/tsuchimoto/data/Follicle_Dataset/size512_stride256/Reactive/JMR0117/outside_follicles_n1000/img_x8704_y26112.tif,Reactive,outside
/Dataset/Kurume_Dataset/tsuchimoto/data/Follicle_Dataset/size512_stride256/Reactive/JMR0117/outside_follicles_n1000/img_x14336_y21504.tif,Reactive,outside
/Dataset/Kurume_Dataset/tsuchimoto/data/Follicle_Dataset/size512_stride256/Reactive/JMR1126/outside_follicles_n1000/img_x24064_y23552.tif,Reactive,outside
/Dataset/Kurume_Dataset/tsuchimoto/data/Follicle_Dataset/size512_stride256/Reactive/JMR0007/outside_follicles_n1000/img_x32256_y22016.tif,Reactive,outside
/Dataset/Kurume_Dataset/tsuchimoto/data/Follicle_Dataset/size512_stride256/Reactive/JMR2205/outside_follicles_n1000/img_x51200_y15360.tif,Reactive,outside
/Dataset/Kurume_Dataset/tsuchimoto/data/Follicle_Dataset/size512_stride256/Reactive/JMR1364/outside_follicles_n1000/img_x48128_y24576.tif,Reactive,outside
/Dataset/Kurume_Dataset/tsuchimoto/data/Follicle_Dataset/size512_stride256/Reactive/JMR1050/outside_follicles_n1000/img_x23040_y23040.tif,Reactive,outside
/Dataset/Kurume_Dataset/tsuchimoto/data/Follicle_Dataset/size512_stride256/Reactive/JMR2452/outside_follicles_n1000/img_x23040_y40448.tif,Reactive,outside
/Dataset/Kurume_Dataset/tsuchimoto/data/Follicle_Dataset/size512_stride256/Reactive/JMR0569/outside_follicles_n1000/img_x41984_y17920.tif,Reactive,outside
/Dataset/Kurume_Dataset/tsuchimoto/data/Follicle_Dataset/size512_stride256/Reactive/JMR1364/outside_follicles_n1000/img_x46080_y62976.tif,Reactive,outside
/Dataset/Kurume_Dataset/tsuchimoto/data/Follicle_Dataset/size512_stride256/Reactive/JMR2291/outside_follicles_n1000/img_x41984_y60928.tif,Reactive,outside
/Dataset/Kurume_Dataset/tsuchimoto/data/Follicle_Dataset/size512_stride256/Reactive/JMR0569/outside_follicles_n1000/img_x40960_y14336.tif,Reactive,outside
/Dataset/Kurume_Dataset/tsuchimoto/data/Follicle_Dataset/size512_stride256/Reactive/JMR1610/outside_follicles_n1000/img_x18944_y11776.tif,Reactive,outside
/Dataset/Kurume_Dataset/tsuchimoto/data/Follicle_Dataset/size512_stride256/Reactive/JMR2232/outside_follicles_n1000/img_x24576_y17408.tif,Reactive,outside
/Dataset/Kurume_Dataset/tsuchimoto/data/Follicle_Dataset/size512_stride256/Reactive/JMR2524/outside_follicles_n1000/img_x77312_y16896.tif,Reactive,outside
/Dataset/Kurume_Dataset/tsuchimoto/data/Follicle_Dataset/size512_stride256/Reactive/JMR1050/outside_follicles_n1000/img_x11776_y28160.tif,Reactive,outside
/Dataset/Kurume_Dataset/tsuchimoto/data/Follicle_Dataset/size512_stride256/Reactive/JMR3223/outside_follicles_n1000/img_x9728_y33792.tif,Reactive,outside
/Dataset/Kurume_Dataset/tsuchimoto/data/Follicle_Dataset/size512_stride256/Reactive/JMR0219/outside_follicles_n1000/img_x10752_y20480.tif,Reactive,outside
/Dataset/Kurume_Dataset/tsuchimoto/data/Follicle_Dataset/size512_stride256/Reactive/JMR2205/outside_follicles_n1000/img_x38400_y19968.tif,Reactive,outside
/Dataset/Kurume_Dataset/tsuchimoto/data/Follicle_Dataset/size512_stride256/Reactive/JMR0090/outside_follicles_n1000/img_x30720_y10752.tif,Reactive,outside
/Dataset/Kurume_Dataset/tsuchimoto/data/Follicle_Dataset/size512_stride256/Reactive/JMR2232/outside_follicles_n1000/img_x17408_y24576.tif,Reactive,outside
/Dataset/Kurume_Dataset/tsuchimoto/data/Follicle_Dataset/size512_stride256/Reactive/JMR0789/outside_follicles_n1000/img_x35328_y55296.tif,Reactive,outside
/Dataset/Kurume_Dataset/tsuchimoto/data/Follicle_Dataset/size512_stride256/Reactive/JMR2291/outside_follicles_n1000/img_x31744_y66560.tif,Reactive,outside
/Dataset/Kurume_Dataset/tsuchimoto/data/Follicle_Dataset/size512_stride256/Reactive/JMR0007/outside_follicles_n1000/img_x33792_y18432.tif,Reactive,outside
/Dataset/Kurume_Dataset/tsuchimoto/data/Follicle_Dataset/size512_stride256/Reactive/JMR0007/outside_follicles_n1000/img_x12800_y22016.tif,Reactive,outside
/Dataset/Kurume_Dataset/tsuchimoto/data/Follicle_Dataset/size512_stride256/Reactive/JMR2298/outside_follicles_n1000/img_x44032_y18944.tif,Reactive,outside
/Dataset/Kurume_Dataset/tsuchimoto/data/Follicle_Dataset/size512_stride256/Reactive/JMR1610/outside_follicles_n1000/img_x31744_y17920.tif,Reactive,outside
/Dataset/Kurume_Dataset/tsuchimoto/data/Follicle_Dataset/size512_stride256/Reactive/JMR3257/outside_follicles_n1000/img_x47616_y51200.tif,Reactive,outside
/Dataset/Kurume_Dataset/tsuchimoto/data/Follicle_Dataset/size512_stride256/Reactive/JMR1364/outside_follicles_n1000/img_x64000_y49664.tif,Reactive,outside
/Dataset/Kurume_Dataset/tsuchimoto/data/Follicle_Dataset/size512_stride256/Reactive/JMR0045/outside_follicles_n1000/img_x28160_y33280.tif,Reactive,outside
/Dataset/Kurume_Dataset/tsuchimoto/data/Follicle_Dataset/size512_stride256/Reactive/JMR1126/outside_follicles_n1000/img_x26112_y43008.tif,Reactive,outside
/Dataset/Kurume_Dataset/tsuchimoto/data/Follicle_Dataset/size512_stride256/Reactive/JMR0789/outside_follicles_n1000/img_x39424_y18944.tif,Reactive,outside
/Dataset/Kurume_Dataset/tsuchimoto/data/Follicle_Dataset/size512_stride256/Reactive/JMR1434/outside_follicles_n1000/img_x51200_y48640.tif,Reactive,outside
/Dataset/Kurume_Dataset/tsuchimoto/data/Follicle_Dataset/size512_stride256/Reactive/JMR0090/outside_follicles_n1000/img_x22016_y40448.tif,Reactive,outside
/Dataset/Kurume_Dataset/tsuchimoto/data/Follicle_Dataset/size512_stride256/Reactive/JMR1361/outside_follicles_n1000/img_x26112_y18944.tif,Reactive,outside
/Dataset/Kurume_Dataset/tsuchimoto/data/Follicle_Dataset/size512_stride256/Reactive/JMR2524/outside_follicles_n1000/img_x37376_y28160.tif,Reactive,outside
/Dataset/Kurume_Dataset/tsuchimoto/data/Follicle_Dataset/size512_stride256/Reactive/JMR3140/outside_follicles_n1000/img_x25600_y11776.tif,Reactive,outside
/Dataset/Kurume_Dataset/tsuchimoto/data/Follicle_Dataset/size512_stride256/Reactive/JMR0789/outside_follicles_n1000/img_x36864_y16384.tif,Reactive,outside
/Dataset/Kurume_Dataset/tsuchimoto/data/Follicle_Dataset/size512_stride256/Reactive/JMR2205/outside_follicles_n1000/img_x23552_y27136.tif,Reactive,outside
/Dataset/Kurume_Dataset/tsuchimoto/data/Follicle_Dataset/size512_stride256/Reactive/JMR0789/outside_follicles_n1000/img_x20480_y22528.tif,Reactive,outside
/Dataset/Kurume_Dataset/tsuchimoto/data/Follicle_Dataset/size512_stride256/Reactive/JMR2408/outside_follicles_n1000/img_x26624_y16896.tif,Reactive,outside
/Dataset/Kurume_Dataset/tsuchimoto/data/Follicle_Dataset/size512_stride256/Reactive/JMR1745/outside_follicles_n1000/img_x9216_y23040.tif,Reactive,outside
/Dataset/Kurume_Dataset/tsuchimoto/data/Follicle_Dataset/size512_stride256/Reactive/JMR1126/outside_follicles_n1000/img_x22016_y23040.tif,Reactive,outside
/Dataset/Kurume_Dataset/tsuchimoto/data/Follicle_Dataset/size512_stride256/Reactive/JMR3223/outside_follicles_n1000/img_x17408_y30720.tif,Reactive,outside
/Dataset/Kurume_Dataset/tsuchimoto/data/Follicle_Dataset/size512_stride256/Reactive/JMR1745/outside_follicles_n1000/img_x47104_y27136.tif,Reactive,outside
/Dataset/Kurume_Dataset/tsuchimoto/data/Follicle_Dataset/size512_stride256/Reactive/JMR0569/outside_follicles_n1000/img_x13824_y10240.tif,Reactive,outside
/Dataset/Kurume_Dataset/tsuchimoto/data/Follicle_Dataset/size512_stride256/Reactive/JMR0738/outside_follicles_n1000/img_x25088_y13824.tif,Reactive,outside
/Dataset/Kurume_Dataset/tsuchimoto/data/Follicle_Dataset/size512_stride256/Reactive/JMR0045/outside_follicles_n1000/img_x16384_y19456.tif,Reactive,outside
/Dataset/Kurume_Dataset/tsuchimoto/data/Follicle_Dataset/size512_stride256/Reactive/JMR1077/outside_follicles_n1000/img_x15872_y24064.tif,Reactive,outside
/Dataset/Kurume_Dataset/tsuchimoto/data/Follicle_Dataset/size512_stride256/Reactive/JMR1745/outside_follicles_n1000/img_x35328_y23552.tif,Reactive,outside
/Dataset/Kurume_Dataset/tsuchimoto/data/Follicle_Dataset/size512_stride256/Reactive/JMR1745/outside_follicles_n1000/img_x46592_y19968.tif,Reactive,outside
/Dataset/Kurume_Dataset/tsuchimoto/data/Follicle_Dataset/size512_stride256/Reactive/JMR1361/outside_follicles_n1000/img_x14848_y19968.tif,Reactive,outside
/Dataset/Kurume_Dataset/tsuchimoto/data/Follicle_Dataset/size512_stride256/Reactive/JMR0219/outside_follicles_n1000/img_x47616_y15872.tif,Reactive,outside
/Dataset/Kurume_Dataset/tsuchimoto/data/Follicle_Dataset/size512_stride256/Reactive/JMR2302/outside_follicles_n1000/img_x56832_y65024.tif,Reactive,outside
/Dataset/Kurume_Dataset/tsuchimoto/data/Follicle_Dataset/size512_stride256/Reactive/JMR2291/outside_follicles_n1000/img_x38400_y15360.tif,Reactive,outside
/Dataset/Kurume_Dataset/tsuchimoto/data/Follicle_Dataset/size512_stride256/Reactive/JMR0007/outside_follicles_n1000/img_x46592_y11776.tif,Reactive,outside
/Dataset/Kurume_Dataset/tsuchimoto/data/Follicle_Dataset/size512_stride256/Reactive/JMR0089/outside_follicles_n1000/img_x10752_y50688.tif,Reactive,outside
/Dataset/Kurume_Dataset/tsuchimoto/data/Follicle_Dataset/size512_stride256/Reactive/JMR1364/outside_follicles_n1000/img_x11264_y30208.tif,Reactive,outside
/Dataset/Kurume_Dataset/tsuchimoto/data/Follicle_Dataset/size512_stride256/Reactive/JMR0738/outside_follicles_n1000/img_x44544_y14336.tif,Reactive,outside
/Dataset/Kurume_Dataset/tsuchimoto/data/Follicle_Dataset/size512_stride256/Reactive/JMR1022/outside_follicles_n1000/img_x17920_y47616.tif,Reactive,outside
/Dataset/Kurume_Dataset/tsuchimoto/data/Follicle_Dataset/size512_stride256/Reactive/JMR0045/outside_follicles_n1000/img_x24576_y41984.tif,Reactive,outside
/Dataset/Kurume_Dataset/tsuchimoto/data/Follicle_Dataset/size512_stride256/Reactive/JMR2865/outside_follicles_n1000/img_x21504_y19456.tif,Reactive,outside
/Dataset/Kurume_Dataset/tsuchimoto/data/Follicle_Dataset/size512_stride256/Reactive/JMR3223/outside_follicles_n1000/img_x49152_y20992.tif,Reactive,outside
/Dataset/Kurume_Dataset/tsuchimoto/data/Follicle_Dataset/size512_stride256/Reactive/JMR0738/outside_follicles_n1000/img_x27648_y9216.tif,Reactive,outside
/Dataset/Kurume_Dataset/tsuchimoto/data/Follicle_Dataset/size512_stride256/Reactive/JMR2524/outside_follicles_n1000/img_x44544_y35328.tif,Reactive,outside
/Dataset/Kurume_Dataset/tsuchimoto/data/Follicle_Dataset/size512_stride256/Reactive/JMR1050/outside_follicles_n1000/img_x12288_y28160.tif,Reactive,outside
/Dataset/Kurume_Dataset/tsuchimoto/data/Follicle_Dataset/size512_stride256/Reactive/JMR1050/outside_follicles_n1000/img_x17920_y46080.tif,Reactive,outside
/Dataset/Kurume_Dataset/tsuchimoto/data/Follicle_Dataset/size512_stride256/Reactive/JMR0089/outside_follicles_n1000/img_x28160_y30208.tif,Reactive,outside
/Dataset/Kurume_Dataset/tsuchimoto/data/Follicle_Dataset/size512_stride256/Reactive/JMR1022/outside_follicles_n1000/img_x8192_y45056.tif,Reactive,outside
/Dataset/Kurume_Dataset/tsuchimoto/data/Follicle_Dataset/size512_stride256/Reactive/JMR2517/outside_follicles_n1000/img_x102400_y35328.tif,Reactive,outside
/Dataset/Kurume_Dataset/tsuchimoto/data/Follicle_Dataset/size512_stride256/Reactive/JMR0117/outside_follicles_n1000/img_x10240_y22016.tif,Reactive,outside
/Dataset/Kurume_Dataset/tsuchimoto/data/Follicle_Dataset/size512_stride256/Reactive/JMR1077/outside_follicles_n1000/img_x15360_y20992.tif,Reactive,outside
/Dataset/Kurume_Dataset/tsuchimoto/data/Follicle_Dataset/size512_stride256/Reactive/JMR1364/outside_follicles_n1000/img_x47616_y34304.tif,Reactive,outside
/Dataset/Kurume_Dataset/tsuchimoto/data/Follicle_Dataset/size512_stride256/Reactive/JMR2107/outside_follicles_n1000/img_x37376_y12288.tif,Reactive,outside
/Dataset/Kurume_Dataset/tsuchimoto/data/Follicle_Dataset/size512_stride256/Reactive/JMR2302/outside_follicles_n1000/img_x50176_y14848.tif,Reactive,outside
/Dataset/Kurume_Dataset/tsuchimoto/data/Follicle_Dataset/size512_stride256/Reactive/JMR2291/outside_follicles_n1000/img_x16384_y13312.tif,Reactive,outside
/Dataset/Kurume_Dataset/tsuchimoto/data/Follicle_Dataset/size512_stride256/Reactive/JMR1126/outside_follicles_n1000/img_x31744_y22016.tif,Reactive,outside
/Dataset/Kurume_Dataset/tsuchimoto/data/Follicle_Dataset/size512_stride256/Reactive/JMR0738/outside_follicles_n1000/img_x30208_y11776.tif,Reactive,outside
/Dataset/Kurume_Dataset/tsuchimoto/data/Follicle_Dataset/size512_stride256/Reactive/JMR1745/outside_follicles_n1000/img_x49664_y25600.tif,Reactive,outside
/Dataset/Kurume_Dataset/tsuchimoto/data/Follicle_Dataset/size512_stride256/Reactive/JMR2107/outside_follicles_n1000/img_x27136_y12288.tif,Reactive,outside
/Dataset/Kurume_Dataset/tsuchimoto/data/Follicle_Dataset/size512_stride256/Reactive/JMR2865/outside_follicles_n1000/img_x21504_y18432.tif,Reactive,outside
/Dataset/Kurume_Dataset/tsuchimoto/data/Follicle_Dataset/size512_stride256/Reactive/JMR1361/outside_follicles_n1000/img_x15360_y19456.tif,Reactive,outside
/Dataset/Kurume_Dataset/tsuchimoto/data/Follicle_Dataset/size512_stride256/Reactive/JMR3223/outside_follicles_n1000/img_x27648_y40448.tif,Reactive,outside
/Dataset/Kurume_Dataset/tsuchimoto/data/Follicle_Dataset/size512_stride256/Reactive/JMR3165/outside_follicles_n1000/img_x37888_y10240.tif,Reactive,outside
/Dataset/Kurume_Dataset/tsuchimoto/data/Follicle_Dataset/size512_stride256/Reactive/JMR2232/outside_follicles_n1000/img_x30208_y14336.tif,Reactive,outside
/Dataset/Kurume_Dataset/tsuchimoto/data/Follicle_Dataset/size512_stride256/Reactive/JMR0219/outside_follicles_n1000/img_x36352_y21504.tif,Reactive,outside
/Dataset/Kurume_Dataset/tsuchimoto/data/Follicle_Dataset/size512_stride256/Reactive/JMR2517/outside_follicles_n1000/img_x106496_y31232.tif,Reactive,outside
/Dataset/Kurume_Dataset/tsuchimoto/data/Follicle_Dataset/size512_stride256/Reactive/JMR0007/outside_follicles_n1000/img_x25088_y20480.tif,Reactive,outside
/Dataset/Kurume_Dataset/tsuchimoto/data/Follicle_Dataset/size512_stride256/Reactive/JMR2205/outside_follicles_n1000/img_x39936_y11776.tif,Reactive,outside
/Dataset/Kurume_Dataset/tsuchimoto/data/Follicle_Dataset/size512_stride256/Reactive/JMR1364/outside_follicles_n1000/img_x38912_y43008.tif,Reactive,outside
/Dataset/Kurume_Dataset/tsuchimoto/data/Follicle_Dataset/size512_stride256/Reactive/JMR0007/outside_follicles_n1000/img_x42496_y21504.tif,Reactive,outside
/Dataset/Kurume_Dataset/tsuchimoto/data/Follicle_Dataset/size512_stride256/Reactive/JMR3140/outside_follicles_n1000/img_x49152_y12288.tif,Reactive,outside
/Dataset/Kurume_Dataset/tsuchimoto/data/Follicle_Dataset/size512_stride256/Reactive/JMR2205/outside_follicles_n1000/img_x43520_y22528.tif,Reactive,outside
/Dataset/Kurume_Dataset/tsuchimoto/data/Follicle_Dataset/size512_stride256/Reactive/JMR2524/outside_follicles_n1000/img_x34816_y45568.tif,Reactive,outside
/Dataset/Kurume_Dataset/tsuchimoto/data/Follicle_Dataset/size512_stride256/Reactive/JMR1050/outside_follicles_n1000/img_x14336_y62464.tif,Reactive,outside
/Dataset/Kurume_Dataset/tsuchimoto/data/Follicle_Dataset/size512_stride256/Reactive/JMR2279/outside_follicles_n1000/img_x35328_y44032.tif,Reactive,outside
/Dataset/Kurume_Dataset/tsuchimoto/data/Follicle_Dataset/size512_stride256/Reactive/JMR1022/outside_follicles_n1000/img_x17408_y10240.tif,Reactive,outside
/Dataset/Kurume_Dataset/tsuchimoto/data/Follicle_Dataset/size512_stride256/Reactive/JMR3165/outside_follicles_n1000/img_x27136_y15360.tif,Reactive,outside
/Dataset/Kurume_Dataset/tsuchimoto/data/Follicle_Dataset/size512_stride256/Reactive/JMR3165/outside_follicles_n1000/img_x39936_y13312.tif,Reactive,outside
/Dataset/Kurume_Dataset/tsuchimoto/data/Follicle_Dataset/size512_stride256/Reactive/JMR3257/outside_follicles_n1000/img_x44032_y9216.tif,Reactive,outside
/Dataset/Kurume_Dataset/tsuchimoto/data/Follicle_Dataset/size512_stride256/Reactive/JMR0045/outside_follicles_n1000/img_x20992_y16384.tif,Reactive,outside
/Dataset/Kurume_Dataset/tsuchimoto/data/Follicle_Dataset/size512_stride256/Reactive/JMR0219/outside_follicles_n1000/img_x55296_y16384.tif,Reactive,outside
/Dataset/Kurume_Dataset/tsuchimoto/data/Follicle_Dataset/size512_stride256/Reactive/JMR2298/outside_follicles_n1000/img_x21504_y29184.tif,Reactive,outside
/Dataset/Kurume_Dataset/tsuchimoto/data/Follicle_Dataset/size512_stride256/Reactive/JMR2524/outside_follicles_n1000/img_x34304_y12800.tif,Reactive,outside
/Dataset/Kurume_Dataset/tsuchimoto/data/Follicle_Dataset/size512_stride256/Reactive/JMR1745/outside_follicles_n1000/img_x12800_y19968.tif,Reactive,outside
/Dataset/Kurume_Dataset/tsuchimoto/data/Follicle_Dataset/size512_stride256/Reactive/JMR2232/outside_follicles_n1000/img_x27648_y12288.tif,Reactive,outside
/Dataset/Kurume_Dataset/tsuchimoto/data/Follicle_Dataset/size512_stride256/Reactive/JMR2865/outside_follicles_n1000/img_x10752_y17920.tif,Reactive,outside
/Dataset/Kurume_Dataset/tsuchimoto/data/Follicle_Dataset/size512_stride256/Reactive/JMR2298/outside_follicles_n1000/img_x31232_y27648.tif,Reactive,outside
/Dataset/Kurume_Dataset/tsuchimoto/data/Follicle_Dataset/size512_stride256/Reactive/JMR2298/outside_follicles_n1000/img_x22016_y22016.tif,Reactive,outside
/Dataset/Kurume_Dataset/tsuchimoto/data/Follicle_Dataset/size512_stride256/Reactive/JMR2524/outside_follicles_n1000/img_x51200_y53248.tif,Reactive,outside
/Dataset/Kurume_Dataset/tsuchimoto/data/Follicle_Dataset/size512_stride256/Reactive/JMR0089/outside_follicles_n1000/img_x20992_y14848.tif,Reactive,outside
/Dataset/Kurume_Dataset/tsuchimoto/data/Follicle_Dataset/size512_stride256/Reactive/JMR2524/outside_follicles_n1000/img_x57856_y14848.tif,Reactive,outside
/Dataset/Kurume_Dataset/tsuchimoto/data/Follicle_Dataset/size512_stride256/Reactive/JMR0219/outside_follicles_n1000/img_x68096_y17408.tif,Reactive,outside
/Dataset/Kurume_Dataset/tsuchimoto/data/Follicle_Dataset/size512_stride256/Reactive/JMR2291/outside_follicles_n1000/img_x37376_y73728.tif,Reactive,outside
/Dataset/Kurume_Dataset/tsuchimoto/data/Follicle_Dataset/size512_stride256/Reactive/JMR2517/outside_follicles_n1000/img_x119296_y41472.tif,Reactive,outside
/Dataset/Kurume_Dataset/tsuchimoto/data/Follicle_Dataset/size512_stride256/Reactive/JMR1077/outside_follicles_n1000/img_x21504_y33792.tif,Reactive,outside
/Dataset/Kurume_Dataset/tsuchimoto/data/Follicle_Dataset/size512_stride256/Reactive/JMR0117/outside_follicles_n1000/img_x15360_y27136.tif,Reactive,outside
/Dataset/Kurume_Dataset/tsuchimoto/data/Follicle_Dataset/size512_stride256/Reactive/JMR0219/outside_follicles_n1000/img_x61952_y22016.tif,Reactive,outside
/Dataset/Kurume_Dataset/tsuchimoto/data/Follicle_Dataset/size512_stride256/Reactive/JMR0007/outside_follicles_n1000/img_x27648_y19968.tif,Reactive,outside
/Dataset/Kurume_Dataset/tsuchimoto/data/Follicle_Dataset/size512_stride256/Reactive/JMR2524/outside_follicles_n1000/img_x68096_y61440.tif,Reactive,outside
/Dataset/Kurume_Dataset/tsuchimoto/data/Follicle_Dataset/size512_stride256/Reactive/JMR1126/outside_follicles_n1000/img_x34304_y17920.tif,Reactive,outside
/Dataset/Kurume_Dataset/tsuchimoto/data/Follicle_Dataset/size512_stride256/Reactive/JMR1434/outside_follicles_n1000/img_x39936_y13824.tif,Reactive,outside
/Dataset/Kurume_Dataset/tsuchimoto/data/Follicle_Dataset/size512_stride256/Reactive/JMR1745/outside_follicles_n1000/img_x39936_y33280.tif,Reactive,outside
/Dataset/Kurume_Dataset/tsuchimoto/data/Follicle_Dataset/size512_stride256/Reactive/JMR0219/outside_follicles_n1000/img_x32768_y17920.tif,Reactive,outside
/Dataset/Kurume_Dataset/tsuchimoto/data/Follicle_Dataset/size512_stride256/Reactive/JMR0789/outside_follicles_n1000/img_x48640_y18432.tif,Reactive,outside
/Dataset/Kurume_Dataset/tsuchimoto/data/Follicle_Dataset/size512_stride256/Reactive/JMR2279/outside_follicles_n1000/img_x35840_y12288.tif,Reactive,outside
/Dataset/Kurume_Dataset/tsuchimoto/data/Follicle_Dataset/size512_stride256/Reactive/JMR0789/outside_follicles_n1000/img_x26112_y45568.tif,Reactive,outside
/Dataset/Kurume_Dataset/tsuchimoto/data/Follicle_Dataset/size512_stride256/Reactive/JMR2107/outside_follicles_n1000/img_x17408_y13312.tif,Reactive,outside
/Dataset/Kurume_Dataset/tsuchimoto/data/Follicle_Dataset/size512_stride256/Reactive/JMR0117/outside_follicles_n1000/img_x9728_y23552.tif,Reactive,outside
/Dataset/Kurume_Dataset/tsuchimoto/data/Follicle_Dataset/size512_stride256/Reactive/JMR2408/outside_follicles_n1000/img_x23040_y10240.tif,Reactive,outside
/Dataset/Kurume_Dataset/tsuchimoto/data/Follicle_Dataset/size512_stride256/Reactive/JMR2279/outside_follicles_n1000/img_x21504_y45568.tif,Reactive,outside
/Dataset/Kurume_Dataset/tsuchimoto/data/Follicle_Dataset/size512_stride256/Reactive/JMR0789/outside_follicles_n1000/img_x43520_y62464.tif,Reactive,outside
/Dataset/Kurume_Dataset/tsuchimoto/data/Follicle_Dataset/size512_stride256/Reactive/JMR2517/outside_follicles_n1000/img_x86016_y40960.tif,Reactive,outside
/Dataset/Kurume_Dataset/tsuchimoto/data/Follicle_Dataset/size512_stride256/Reactive/JMR1050/outside_follicles_n1000/img_x27648_y19456.tif,Reactive,outside
/Dataset/Kurume_Dataset/tsuchimoto/data/Follicle_Dataset/size512_stride256/Reactive/JMR1022/outside_follicles_n1000/img_x14336_y47616.tif,Reactive,outside
/Dataset/Kurume_Dataset/tsuchimoto/data/Follicle_Dataset/size512_stride256/Reactive/JMR3165/outside_follicles_n1000/img_x17920_y10752.tif,Reactive,outside
